2026-01-09 08:55:13,488 - app.utils.logging - INFO - Logging infrastructure initialized
2026-01-09 08:55:54,588 - app.utils.logging - INFO - Logging infrastructure initialized
2026-01-09 08:55:54,629 - main - INFO - Starting up TaskDo API...
2026-01-09 08:56:04,060 - main - INFO - Shutting down TaskDo API...
2026-01-09 08:56:06,212 - app.utils.logging - INFO - Logging infrastructure initialized
2026-01-09 08:56:06,247 - main - INFO - Starting up TaskDo API...
2026-01-09 08:56:15,275 - main - INFO - Shutting down TaskDo API...
2026-01-09 08:56:20,233 - app.utils.logging - INFO - Logging infrastructure initialized
2026-01-09 08:56:20,273 - main - INFO - Starting up TaskDo API...
2026-01-09 08:56:40,127 - main - INFO - Shutting down TaskDo API...
2026-01-09 08:56:41,789 - app.utils.logging - INFO - Logging infrastructure initialized
2026-01-09 08:56:41,816 - main - INFO - Starting up TaskDo API...
2026-01-09 09:00:22,066 - main - INFO - Shutting down TaskDo API...
2026-01-09 09:12:53,633 - app.utils.logging - INFO - Logging infrastructure initialized
2026-01-09 09:12:53,667 - main - INFO - Starting up TaskDo API...
2026-01-09 09:14:07,638 - sqlalchemy.engine.Engine - INFO - select pg_catalog.version()
2026-01-09 09:14:07,640 - sqlalchemy.engine.Engine - INFO - [raw sql] ()
2026-01-09 09:14:08,203 - sqlalchemy.engine.Engine - INFO - select current_schema()
2026-01-09 09:14:08,204 - sqlalchemy.engine.Engine - INFO - [raw sql] ()
2026-01-09 09:14:08,952 - sqlalchemy.engine.Engine - INFO - show standard_conforming_strings
2026-01-09 09:14:08,953 - sqlalchemy.engine.Engine - INFO - [raw sql] ()
2026-01-09 09:14:09,517 - sqlalchemy.engine.Engine - INFO - BEGIN (implicit)
2026-01-09 09:14:09,539 - sqlalchemy.engine.Engine - INFO - SELECT users.email AS users_email, users.name AS users_name, users.role AS users_role, users.id AS users_id, users.hashed_password AS users_hashed_password, users.created_at AS users_created_at, users.updated_at AS users_updated_at, users.is_verified AS users_is_verified, users.is_active AS users_is_active 
FROM users 
WHERE users.id = $1::UUID
2026-01-09 09:14:09,542 - sqlalchemy.engine.Engine - INFO - [generated in 0.00311s] ('testuser@example.com',)
2026-01-09 09:14:10,087 - sqlalchemy.engine.Engine - INFO - ROLLBACK
2026-01-09 09:15:26,363 - main - INFO - Shutting down TaskDo API...
2026-01-09 09:15:28,270 - app.utils.logging - INFO - Logging infrastructure initialized
2026-01-09 09:15:28,299 - main - INFO - Starting up TaskDo API...
2026-01-09 09:15:49,109 - main - INFO - Shutting down TaskDo API...
2026-01-09 09:15:50,807 - app.utils.logging - INFO - Logging infrastructure initialized
2026-01-09 09:15:50,834 - main - INFO - Starting up TaskDo API...
2026-01-09 09:16:02,559 - main - INFO - Shutting down TaskDo API...
2026-01-09 09:16:04,250 - app.utils.logging - INFO - Logging infrastructure initialized
2026-01-09 09:16:04,277 - main - INFO - Starting up TaskDo API...
2026-01-09 09:16:18,636 - main - INFO - Shutting down TaskDo API...
2026-01-09 09:16:20,270 - app.utils.logging - INFO - Logging infrastructure initialized
2026-01-09 09:16:20,296 - main - INFO - Starting up TaskDo API...
2026-01-09 09:16:21,427 - sqlalchemy.engine.Engine - INFO - select pg_catalog.version()
2026-01-09 09:16:21,428 - sqlalchemy.engine.Engine - INFO - [raw sql] ()
2026-01-09 09:16:21,994 - sqlalchemy.engine.Engine - INFO - select current_schema()
2026-01-09 09:16:21,995 - sqlalchemy.engine.Engine - INFO - [raw sql] ()
2026-01-09 09:16:22,839 - sqlalchemy.engine.Engine - INFO - show standard_conforming_strings
2026-01-09 09:16:22,841 - sqlalchemy.engine.Engine - INFO - [raw sql] ()
2026-01-09 09:16:23,405 - sqlalchemy.engine.Engine - INFO - BEGIN (implicit)
2026-01-09 09:16:23,411 - sqlalchemy.engine.Engine - INFO - SELECT pg_catalog.pg_class.relname 
FROM pg_catalog.pg_class JOIN pg_catalog.pg_namespace ON pg_catalog.pg_namespace.oid = pg_catalog.pg_class.relnamespace 
WHERE pg_catalog.pg_class.relname = $1::VARCHAR AND pg_catalog.pg_class.relkind = ANY (ARRAY[$2::VARCHAR, $3::VARCHAR, $4::VARCHAR, $5::VARCHAR, $6::VARCHAR]) AND pg_catalog.pg_table_is_visible(pg_catalog.pg_class.oid) AND pg_catalog.pg_namespace.nspname != $7::VARCHAR
2026-01-09 09:16:23,412 - sqlalchemy.engine.Engine - INFO - [generated in 0.00156s] ('users', 'r', 'p', 'f', 'v', 'm', 'pg_catalog')
2026-01-09 09:16:23,950 - sqlalchemy.engine.Engine - INFO - SELECT pg_catalog.pg_class.relname 
FROM pg_catalog.pg_class JOIN pg_catalog.pg_namespace ON pg_catalog.pg_namespace.oid = pg_catalog.pg_class.relnamespace 
WHERE pg_catalog.pg_class.relname = $1::VARCHAR AND pg_catalog.pg_class.relkind = ANY (ARRAY[$2::VARCHAR, $3::VARCHAR, $4::VARCHAR, $5::VARCHAR, $6::VARCHAR]) AND pg_catalog.pg_table_is_visible(pg_catalog.pg_class.oid) AND pg_catalog.pg_namespace.nspname != $7::VARCHAR
2026-01-09 09:16:23,951 - sqlalchemy.engine.Engine - INFO - [cached since 0.5401s ago] ('todos', 'r', 'p', 'f', 'v', 'm', 'pg_catalog')
2026-01-09 09:16:24,138 - sqlalchemy.engine.Engine - INFO - SELECT pg_catalog.pg_type.typname 
FROM pg_catalog.pg_type JOIN pg_catalog.pg_namespace ON pg_catalog.pg_namespace.oid = pg_catalog.pg_type.typnamespace 
WHERE pg_catalog.pg_type.typname = $1::VARCHAR AND pg_catalog.pg_type_is_visible(pg_catalog.pg_type.oid) AND pg_catalog.pg_namespace.nspname != $2::VARCHAR
2026-01-09 09:16:24,139 - sqlalchemy.engine.Engine - INFO - [generated in 0.00107s] ('userrole', 'pg_catalog')
2026-01-09 09:16:24,511 - sqlalchemy.engine.Engine - INFO - CREATE TYPE userrole AS ENUM ('USER', 'ADMIN')
2026-01-09 09:16:24,513 - sqlalchemy.engine.Engine - INFO - [no key 0.00126s] ()
2026-01-09 09:16:24,887 - sqlalchemy.engine.Engine - INFO - COMMIT
2026-01-09 09:16:25,082 - main - INFO - Database initialized
2026-01-09 09:20:17,728 - sqlalchemy.engine.Engine - INFO - BEGIN (implicit)
2026-01-09 09:20:17,734 - sqlalchemy.engine.Engine - INFO - SELECT users.email AS users_email, users.name AS users_name, users.role AS users_role, users.id AS users_id, users.hashed_password AS users_hashed_password, users.created_at AS users_created_at, users.updated_at AS users_updated_at, users.is_verified AS users_is_verified, users.is_active AS users_is_active 
FROM users 
WHERE users.id = $1::UUID
2026-01-09 09:20:17,735 - sqlalchemy.engine.Engine - INFO - [generated in 0.00129s] ('testuser@example.com',)
2026-01-09 09:20:18,276 - sqlalchemy.engine.Engine - INFO - ROLLBACK
2026-01-09 09:22:09,194 - main - INFO - Shutting down TaskDo API...
2026-01-09 09:22:11,691 - app.utils.logging - INFO - Logging infrastructure initialized
2026-01-09 09:22:11,719 - main - INFO - Starting up TaskDo API...
2026-01-09 09:22:12,758 - sqlalchemy.engine.Engine - INFO - select pg_catalog.version()
2026-01-09 09:22:12,760 - sqlalchemy.engine.Engine - INFO - [raw sql] ()
2026-01-09 09:22:13,112 - sqlalchemy.engine.Engine - INFO - select current_schema()
2026-01-09 09:22:13,113 - sqlalchemy.engine.Engine - INFO - [raw sql] ()
2026-01-09 09:22:13,801 - sqlalchemy.engine.Engine - INFO - show standard_conforming_strings
2026-01-09 09:22:13,803 - sqlalchemy.engine.Engine - INFO - [raw sql] ()
2026-01-09 09:22:14,284 - sqlalchemy.engine.Engine - INFO - BEGIN (implicit)
2026-01-09 09:22:14,290 - sqlalchemy.engine.Engine - INFO - SELECT pg_catalog.pg_class.relname 
FROM pg_catalog.pg_class JOIN pg_catalog.pg_namespace ON pg_catalog.pg_namespace.oid = pg_catalog.pg_class.relnamespace 
WHERE pg_catalog.pg_class.relname = $1::VARCHAR AND pg_catalog.pg_class.relkind = ANY (ARRAY[$2::VARCHAR, $3::VARCHAR, $4::VARCHAR, $5::VARCHAR, $6::VARCHAR]) AND pg_catalog.pg_table_is_visible(pg_catalog.pg_class.oid) AND pg_catalog.pg_namespace.nspname != $7::VARCHAR
2026-01-09 09:22:14,292 - sqlalchemy.engine.Engine - INFO - [generated in 0.00196s] ('users', 'r', 'p', 'f', 'v', 'm', 'pg_catalog')
2026-01-09 09:22:14,879 - sqlalchemy.engine.Engine - INFO - SELECT pg_catalog.pg_class.relname 
FROM pg_catalog.pg_class JOIN pg_catalog.pg_namespace ON pg_catalog.pg_namespace.oid = pg_catalog.pg_class.relnamespace 
WHERE pg_catalog.pg_class.relname = $1::VARCHAR AND pg_catalog.pg_class.relkind = ANY (ARRAY[$2::VARCHAR, $3::VARCHAR, $4::VARCHAR, $5::VARCHAR, $6::VARCHAR]) AND pg_catalog.pg_table_is_visible(pg_catalog.pg_class.oid) AND pg_catalog.pg_namespace.nspname != $7::VARCHAR
2026-01-09 09:22:14,881 - sqlalchemy.engine.Engine - INFO - [cached since 0.5909s ago] ('todos', 'r', 'p', 'f', 'v', 'm', 'pg_catalog')
2026-01-09 09:22:14,991 - sqlalchemy.engine.Engine - INFO - SELECT pg_catalog.pg_type.typname 
FROM pg_catalog.pg_type JOIN pg_catalog.pg_namespace ON pg_catalog.pg_namespace.oid = pg_catalog.pg_type.typnamespace 
WHERE pg_catalog.pg_type.typname = $1::VARCHAR AND pg_catalog.pg_type_is_visible(pg_catalog.pg_type.oid) AND pg_catalog.pg_namespace.nspname != $2::VARCHAR
2026-01-09 09:22:14,992 - sqlalchemy.engine.Engine - INFO - [generated in 0.00143s] ('userrole', 'pg_catalog')
2026-01-09 09:22:15,209 - sqlalchemy.engine.Engine - INFO - COMMIT
2026-01-09 09:22:15,320 - main - INFO - Database initialized
2026-01-09 09:22:20,034 - main - INFO - Shutting down TaskDo API...
2026-01-09 09:22:22,406 - app.utils.logging - INFO - Logging infrastructure initialized
2026-01-09 09:22:22,439 - main - INFO - Starting up TaskDo API...
2026-01-09 09:22:23,376 - sqlalchemy.engine.Engine - INFO - select pg_catalog.version()
2026-01-09 09:22:23,377 - sqlalchemy.engine.Engine - INFO - [raw sql] ()
2026-01-09 09:22:23,704 - sqlalchemy.engine.Engine - INFO - select current_schema()
2026-01-09 09:22:23,709 - sqlalchemy.engine.Engine - INFO - [raw sql] ()
2026-01-09 09:22:24,137 - sqlalchemy.engine.Engine - INFO - show standard_conforming_strings
2026-01-09 09:22:24,138 - sqlalchemy.engine.Engine - INFO - [raw sql] ()
2026-01-09 09:22:24,457 - sqlalchemy.engine.Engine - INFO - BEGIN (implicit)
2026-01-09 09:22:24,462 - sqlalchemy.engine.Engine - INFO - SELECT pg_catalog.pg_class.relname 
FROM pg_catalog.pg_class JOIN pg_catalog.pg_namespace ON pg_catalog.pg_namespace.oid = pg_catalog.pg_class.relnamespace 
WHERE pg_catalog.pg_class.relname = $1::VARCHAR AND pg_catalog.pg_class.relkind = ANY (ARRAY[$2::VARCHAR, $3::VARCHAR, $4::VARCHAR, $5::VARCHAR, $6::VARCHAR]) AND pg_catalog.pg_table_is_visible(pg_catalog.pg_class.oid) AND pg_catalog.pg_namespace.nspname != $7::VARCHAR
2026-01-09 09:22:24,463 - sqlalchemy.engine.Engine - INFO - [generated in 0.00108s] ('users', 'r', 'p', 'f', 'v', 'm', 'pg_catalog')
2026-01-09 09:22:24,788 - sqlalchemy.engine.Engine - INFO - SELECT pg_catalog.pg_class.relname 
FROM pg_catalog.pg_class JOIN pg_catalog.pg_namespace ON pg_catalog.pg_namespace.oid = pg_catalog.pg_class.relnamespace 
WHERE pg_catalog.pg_class.relname = $1::VARCHAR AND pg_catalog.pg_class.relkind = ANY (ARRAY[$2::VARCHAR, $3::VARCHAR, $4::VARCHAR, $5::VARCHAR, $6::VARCHAR]) AND pg_catalog.pg_table_is_visible(pg_catalog.pg_class.oid) AND pg_catalog.pg_namespace.nspname != $7::VARCHAR
2026-01-09 09:22:24,789 - sqlalchemy.engine.Engine - INFO - [cached since 0.3268s ago] ('todos', 'r', 'p', 'f', 'v', 'm', 'pg_catalog')
2026-01-09 09:22:24,902 - sqlalchemy.engine.Engine - INFO - SELECT pg_catalog.pg_type.typname 
FROM pg_catalog.pg_type JOIN pg_catalog.pg_namespace ON pg_catalog.pg_namespace.oid = pg_catalog.pg_type.typnamespace 
WHERE pg_catalog.pg_type.typname = $1::VARCHAR AND pg_catalog.pg_type_is_visible(pg_catalog.pg_type.oid) AND pg_catalog.pg_namespace.nspname != $2::VARCHAR
2026-01-09 09:22:24,903 - sqlalchemy.engine.Engine - INFO - [generated in 0.00146s] ('userrole', 'pg_catalog')
2026-01-09 09:22:25,163 - sqlalchemy.engine.Engine - INFO - COMMIT
2026-01-09 09:22:25,269 - main - INFO - Database initialized
2026-01-09 09:22:31,688 - main - INFO - Shutting down TaskDo API...
2026-01-09 09:22:36,994 - app.utils.logging - INFO - Logging infrastructure initialized
2026-01-09 09:22:37,043 - main - INFO - Starting up TaskDo API...
2026-01-09 09:22:37,790 - sqlalchemy.engine.Engine - INFO - select pg_catalog.version()
2026-01-09 09:22:37,791 - sqlalchemy.engine.Engine - INFO - [raw sql] ()
2026-01-09 09:22:38,118 - sqlalchemy.engine.Engine - INFO - select current_schema()
2026-01-09 09:22:38,120 - sqlalchemy.engine.Engine - INFO - [raw sql] ()
2026-01-09 09:22:38,569 - sqlalchemy.engine.Engine - INFO - show standard_conforming_strings
2026-01-09 09:22:38,571 - sqlalchemy.engine.Engine - INFO - [raw sql] ()
2026-01-09 09:22:38,900 - sqlalchemy.engine.Engine - INFO - BEGIN (implicit)
2026-01-09 09:22:38,907 - sqlalchemy.engine.Engine - INFO - SELECT pg_catalog.pg_class.relname 
FROM pg_catalog.pg_class JOIN pg_catalog.pg_namespace ON pg_catalog.pg_namespace.oid = pg_catalog.pg_class.relnamespace 
WHERE pg_catalog.pg_class.relname = $1::VARCHAR AND pg_catalog.pg_class.relkind = ANY (ARRAY[$2::VARCHAR, $3::VARCHAR, $4::VARCHAR, $5::VARCHAR, $6::VARCHAR]) AND pg_catalog.pg_table_is_visible(pg_catalog.pg_class.oid) AND pg_catalog.pg_namespace.nspname != $7::VARCHAR
2026-01-09 09:22:38,909 - sqlalchemy.engine.Engine - INFO - [generated in 0.00149s] ('users', 'r', 'p', 'f', 'v', 'm', 'pg_catalog')
2026-01-09 09:22:39,253 - sqlalchemy.engine.Engine - INFO - SELECT pg_catalog.pg_class.relname 
FROM pg_catalog.pg_class JOIN pg_catalog.pg_namespace ON pg_catalog.pg_namespace.oid = pg_catalog.pg_class.relnamespace 
WHERE pg_catalog.pg_class.relname = $1::VARCHAR AND pg_catalog.pg_class.relkind = ANY (ARRAY[$2::VARCHAR, $3::VARCHAR, $4::VARCHAR, $5::VARCHAR, $6::VARCHAR]) AND pg_catalog.pg_table_is_visible(pg_catalog.pg_class.oid) AND pg_catalog.pg_namespace.nspname != $7::VARCHAR
2026-01-09 09:22:39,254 - sqlalchemy.engine.Engine - INFO - [cached since 0.3471s ago] ('todos', 'r', 'p', 'f', 'v', 'm', 'pg_catalog')
2026-01-09 09:22:39,368 - sqlalchemy.engine.Engine - INFO - SELECT pg_catalog.pg_type.typname 
FROM pg_catalog.pg_type JOIN pg_catalog.pg_namespace ON pg_catalog.pg_namespace.oid = pg_catalog.pg_type.typnamespace 
WHERE pg_catalog.pg_type.typname = $1::VARCHAR AND pg_catalog.pg_type_is_visible(pg_catalog.pg_type.oid) AND pg_catalog.pg_namespace.nspname != $2::VARCHAR
2026-01-09 09:22:39,371 - sqlalchemy.engine.Engine - INFO - [generated in 0.00264s] ('userrole', 'pg_catalog')
2026-01-09 09:22:39,590 - sqlalchemy.engine.Engine - INFO - COMMIT
2026-01-09 09:22:39,714 - main - INFO - Database initialized
2026-01-09 09:22:44,731 - main - INFO - Shutting down TaskDo API...
2026-01-09 09:22:46,871 - app.utils.logging - INFO - Logging infrastructure initialized
2026-01-09 09:22:46,901 - main - INFO - Starting up TaskDo API...
2026-01-09 09:22:47,900 - sqlalchemy.engine.Engine - INFO - select pg_catalog.version()
2026-01-09 09:22:47,901 - sqlalchemy.engine.Engine - INFO - [raw sql] ()
2026-01-09 09:22:48,224 - sqlalchemy.engine.Engine - INFO - select current_schema()
2026-01-09 09:22:48,226 - sqlalchemy.engine.Engine - INFO - [raw sql] ()
2026-01-09 09:22:48,760 - sqlalchemy.engine.Engine - INFO - show standard_conforming_strings
2026-01-09 09:22:48,762 - sqlalchemy.engine.Engine - INFO - [raw sql] ()
2026-01-09 09:22:49,142 - sqlalchemy.engine.Engine - INFO - BEGIN (implicit)
2026-01-09 09:22:49,146 - sqlalchemy.engine.Engine - INFO - SELECT pg_catalog.pg_class.relname 
FROM pg_catalog.pg_class JOIN pg_catalog.pg_namespace ON pg_catalog.pg_namespace.oid = pg_catalog.pg_class.relnamespace 
WHERE pg_catalog.pg_class.relname = $1::VARCHAR AND pg_catalog.pg_class.relkind = ANY (ARRAY[$2::VARCHAR, $3::VARCHAR, $4::VARCHAR, $5::VARCHAR, $6::VARCHAR]) AND pg_catalog.pg_table_is_visible(pg_catalog.pg_class.oid) AND pg_catalog.pg_namespace.nspname != $7::VARCHAR
2026-01-09 09:22:49,148 - sqlalchemy.engine.Engine - INFO - [generated in 0.00144s] ('users', 'r', 'p', 'f', 'v', 'm', 'pg_catalog')
2026-01-09 09:22:49,589 - sqlalchemy.engine.Engine - INFO - SELECT pg_catalog.pg_class.relname 
FROM pg_catalog.pg_class JOIN pg_catalog.pg_namespace ON pg_catalog.pg_namespace.oid = pg_catalog.pg_class.relnamespace 
WHERE pg_catalog.pg_class.relname = $1::VARCHAR AND pg_catalog.pg_class.relkind = ANY (ARRAY[$2::VARCHAR, $3::VARCHAR, $4::VARCHAR, $5::VARCHAR, $6::VARCHAR]) AND pg_catalog.pg_table_is_visible(pg_catalog.pg_class.oid) AND pg_catalog.pg_namespace.nspname != $7::VARCHAR
2026-01-09 09:22:49,590 - sqlalchemy.engine.Engine - INFO - [cached since 0.4443s ago] ('todos', 'r', 'p', 'f', 'v', 'm', 'pg_catalog')
2026-01-09 09:22:49,800 - sqlalchemy.engine.Engine - INFO - SELECT pg_catalog.pg_type.typname 
FROM pg_catalog.pg_type JOIN pg_catalog.pg_namespace ON pg_catalog.pg_namespace.oid = pg_catalog.pg_type.typnamespace 
WHERE pg_catalog.pg_type.typname = $1::VARCHAR AND pg_catalog.pg_type_is_visible(pg_catalog.pg_type.oid) AND pg_catalog.pg_namespace.nspname != $2::VARCHAR
2026-01-09 09:22:49,802 - sqlalchemy.engine.Engine - INFO - [generated in 0.00175s] ('userrole', 'pg_catalog')
2026-01-09 09:22:50,012 - sqlalchemy.engine.Engine - INFO - COMMIT
2026-01-09 09:22:50,119 - main - INFO - Database initialized
2026-01-09 09:22:54,131 - main - INFO - Shutting down TaskDo API...
2026-01-09 09:22:56,067 - app.utils.logging - INFO - Logging infrastructure initialized
2026-01-09 09:22:56,097 - main - INFO - Starting up TaskDo API...
2026-01-09 09:22:56,984 - sqlalchemy.engine.Engine - INFO - select pg_catalog.version()
2026-01-09 09:22:56,985 - sqlalchemy.engine.Engine - INFO - [raw sql] ()
2026-01-09 09:22:57,307 - sqlalchemy.engine.Engine - INFO - select current_schema()
2026-01-09 09:22:57,308 - sqlalchemy.engine.Engine - INFO - [raw sql] ()
2026-01-09 09:22:57,871 - sqlalchemy.engine.Engine - INFO - show standard_conforming_strings
2026-01-09 09:22:57,872 - sqlalchemy.engine.Engine - INFO - [raw sql] ()
2026-01-09 09:22:58,435 - sqlalchemy.engine.Engine - INFO - BEGIN (implicit)
2026-01-09 09:22:58,441 - sqlalchemy.engine.Engine - INFO - SELECT pg_catalog.pg_class.relname 
FROM pg_catalog.pg_class JOIN pg_catalog.pg_namespace ON pg_catalog.pg_namespace.oid = pg_catalog.pg_class.relnamespace 
WHERE pg_catalog.pg_class.relname = $1::VARCHAR AND pg_catalog.pg_class.relkind = ANY (ARRAY[$2::VARCHAR, $3::VARCHAR, $4::VARCHAR, $5::VARCHAR, $6::VARCHAR]) AND pg_catalog.pg_table_is_visible(pg_catalog.pg_class.oid) AND pg_catalog.pg_namespace.nspname != $7::VARCHAR
2026-01-09 09:22:58,444 - sqlalchemy.engine.Engine - INFO - [generated in 0.00373s] ('users', 'r', 'p', 'f', 'v', 'm', 'pg_catalog')
2026-01-09 09:22:58,998 - sqlalchemy.engine.Engine - INFO - SELECT pg_catalog.pg_class.relname 
FROM pg_catalog.pg_class JOIN pg_catalog.pg_namespace ON pg_catalog.pg_namespace.oid = pg_catalog.pg_class.relnamespace 
WHERE pg_catalog.pg_class.relname = $1::VARCHAR AND pg_catalog.pg_class.relkind = ANY (ARRAY[$2::VARCHAR, $3::VARCHAR, $4::VARCHAR, $5::VARCHAR, $6::VARCHAR]) AND pg_catalog.pg_table_is_visible(pg_catalog.pg_class.oid) AND pg_catalog.pg_namespace.nspname != $7::VARCHAR
2026-01-09 09:22:58,999 - sqlalchemy.engine.Engine - INFO - [cached since 0.5585s ago] ('todos', 'r', 'p', 'f', 'v', 'm', 'pg_catalog')
2026-01-09 09:22:59,287 - sqlalchemy.engine.Engine - INFO - SELECT pg_catalog.pg_type.typname 
FROM pg_catalog.pg_type JOIN pg_catalog.pg_namespace ON pg_catalog.pg_namespace.oid = pg_catalog.pg_type.typnamespace 
WHERE pg_catalog.pg_type.typname = $1::VARCHAR AND pg_catalog.pg_type_is_visible(pg_catalog.pg_type.oid) AND pg_catalog.pg_namespace.nspname != $2::VARCHAR
2026-01-09 09:22:59,288 - sqlalchemy.engine.Engine - INFO - [generated in 0.00132s] ('userrole', 'pg_catalog')
2026-01-09 09:22:59,502 - sqlalchemy.engine.Engine - INFO - COMMIT
2026-01-09 09:22:59,609 - main - INFO - Database initialized
2026-01-09 09:23:03,022 - main - INFO - Shutting down TaskDo API...
2026-01-09 09:23:04,990 - app.utils.logging - INFO - Logging infrastructure initialized
2026-01-09 09:23:05,022 - main - INFO - Starting up TaskDo API...
2026-01-09 09:23:06,065 - sqlalchemy.engine.Engine - INFO - select pg_catalog.version()
2026-01-09 09:23:06,066 - sqlalchemy.engine.Engine - INFO - [raw sql] ()
2026-01-09 09:23:06,631 - sqlalchemy.engine.Engine - INFO - select current_schema()
2026-01-09 09:23:06,632 - sqlalchemy.engine.Engine - INFO - [raw sql] ()
2026-01-09 09:23:07,459 - sqlalchemy.engine.Engine - INFO - show standard_conforming_strings
2026-01-09 09:23:07,461 - sqlalchemy.engine.Engine - INFO - [raw sql] ()
2026-01-09 09:23:07,786 - sqlalchemy.engine.Engine - INFO - BEGIN (implicit)
2026-01-09 09:23:07,793 - sqlalchemy.engine.Engine - INFO - SELECT pg_catalog.pg_class.relname 
FROM pg_catalog.pg_class JOIN pg_catalog.pg_namespace ON pg_catalog.pg_namespace.oid = pg_catalog.pg_class.relnamespace 
WHERE pg_catalog.pg_class.relname = $1::VARCHAR AND pg_catalog.pg_class.relkind = ANY (ARRAY[$2::VARCHAR, $3::VARCHAR, $4::VARCHAR, $5::VARCHAR, $6::VARCHAR]) AND pg_catalog.pg_table_is_visible(pg_catalog.pg_class.oid) AND pg_catalog.pg_namespace.nspname != $7::VARCHAR
2026-01-09 09:23:07,794 - sqlalchemy.engine.Engine - INFO - [generated in 0.00129s] ('users', 'r', 'p', 'f', 'v', 'm', 'pg_catalog')
2026-01-09 09:23:11,052 - sqlalchemy.engine.Engine - INFO - SELECT pg_catalog.pg_class.relname 
FROM pg_catalog.pg_class JOIN pg_catalog.pg_namespace ON pg_catalog.pg_namespace.oid = pg_catalog.pg_class.relnamespace 
WHERE pg_catalog.pg_class.relname = $1::VARCHAR AND pg_catalog.pg_class.relkind = ANY (ARRAY[$2::VARCHAR, $3::VARCHAR, $4::VARCHAR, $5::VARCHAR, $6::VARCHAR]) AND pg_catalog.pg_table_is_visible(pg_catalog.pg_class.oid) AND pg_catalog.pg_namespace.nspname != $7::VARCHAR
2026-01-09 09:23:11,053 - sqlalchemy.engine.Engine - INFO - [cached since 0.3265s ago] ('todos', 'r', 'p', 'f', 'v', 'm', 'pg_catalog')
2026-01-09 09:23:11,166 - sqlalchemy.engine.Engine - INFO - SELECT pg_catalog.pg_type.typname 
FROM pg_catalog.pg_type JOIN pg_catalog.pg_namespace ON pg_catalog.pg_namespace.oid = pg_catalog.pg_type.typnamespace 
WHERE pg_catalog.pg_type.typname = $1::VARCHAR AND pg_catalog.pg_type_is_visible(pg_catalog.pg_type.oid) AND pg_catalog.pg_namespace.nspname != $2::VARCHAR
2026-01-09 09:23:11,168 - sqlalchemy.engine.Engine - INFO - [generated in 0.00199s] ('userrole', 'pg_catalog')
2026-01-09 09:23:11,384 - sqlalchemy.engine.Engine - INFO - COMMIT
2026-01-09 09:23:11,492 - main - INFO - Database initialized
2026-01-09 09:23:14,901 - main - INFO - Shutting down TaskDo API...
2026-01-09 09:23:16,832 - app.utils.logging - INFO - Logging infrastructure initialized
2026-01-09 09:23:16,867 - main - INFO - Starting up TaskDo API...
2026-01-09 09:23:17,701 - sqlalchemy.engine.Engine - INFO - select pg_catalog.version()
2026-01-09 09:23:17,702 - sqlalchemy.engine.Engine - INFO - [raw sql] ()
2026-01-09 09:23:18,078 - sqlalchemy.engine.Engine - INFO - select current_schema()
2026-01-09 09:23:18,079 - sqlalchemy.engine.Engine - INFO - [raw sql] ()
2026-01-09 09:23:18,634 - sqlalchemy.engine.Engine - INFO - show standard_conforming_strings
2026-01-09 09:23:18,635 - sqlalchemy.engine.Engine - INFO - [raw sql] ()
2026-01-09 09:23:18,977 - sqlalchemy.engine.Engine - INFO - BEGIN (implicit)
2026-01-09 09:23:18,982 - sqlalchemy.engine.Engine - INFO - SELECT pg_catalog.pg_class.relname 
FROM pg_catalog.pg_class JOIN pg_catalog.pg_namespace ON pg_catalog.pg_namespace.oid = pg_catalog.pg_class.relnamespace 
WHERE pg_catalog.pg_class.relname = $1::VARCHAR AND pg_catalog.pg_class.relkind = ANY (ARRAY[$2::VARCHAR, $3::VARCHAR, $4::VARCHAR, $5::VARCHAR, $6::VARCHAR]) AND pg_catalog.pg_table_is_visible(pg_catalog.pg_class.oid) AND pg_catalog.pg_namespace.nspname != $7::VARCHAR
2026-01-09 09:23:18,983 - sqlalchemy.engine.Engine - INFO - [generated in 0.00124s] ('users', 'r', 'p', 'f', 'v', 'm', 'pg_catalog')
2026-01-09 09:23:19,319 - sqlalchemy.engine.Engine - INFO - SELECT pg_catalog.pg_class.relname 
FROM pg_catalog.pg_class JOIN pg_catalog.pg_namespace ON pg_catalog.pg_namespace.oid = pg_catalog.pg_class.relnamespace 
WHERE pg_catalog.pg_class.relname = $1::VARCHAR AND pg_catalog.pg_class.relkind = ANY (ARRAY[$2::VARCHAR, $3::VARCHAR, $4::VARCHAR, $5::VARCHAR, $6::VARCHAR]) AND pg_catalog.pg_table_is_visible(pg_catalog.pg_class.oid) AND pg_catalog.pg_namespace.nspname != $7::VARCHAR
2026-01-09 09:23:19,320 - sqlalchemy.engine.Engine - INFO - [cached since 0.3386s ago] ('todos', 'r', 'p', 'f', 'v', 'm', 'pg_catalog')
2026-01-09 09:23:19,433 - sqlalchemy.engine.Engine - INFO - SELECT pg_catalog.pg_type.typname 
FROM pg_catalog.pg_type JOIN pg_catalog.pg_namespace ON pg_catalog.pg_namespace.oid = pg_catalog.pg_type.typnamespace 
WHERE pg_catalog.pg_type.typname = $1::VARCHAR AND pg_catalog.pg_type_is_visible(pg_catalog.pg_type.oid) AND pg_catalog.pg_namespace.nspname != $2::VARCHAR
2026-01-09 09:23:19,435 - sqlalchemy.engine.Engine - INFO - [generated in 0.00279s] ('userrole', 'pg_catalog')
2026-01-09 09:23:19,657 - sqlalchemy.engine.Engine - INFO - COMMIT
2026-01-09 09:23:19,766 - main - INFO - Database initialized
2026-01-09 09:23:23,879 - main - INFO - Shutting down TaskDo API...
2026-01-09 09:23:25,785 - app.utils.logging - INFO - Logging infrastructure initialized
2026-01-09 09:23:25,812 - main - INFO - Starting up TaskDo API...
2026-01-09 09:23:26,813 - sqlalchemy.engine.Engine - INFO - select pg_catalog.version()
2026-01-09 09:23:26,815 - sqlalchemy.engine.Engine - INFO - [raw sql] ()
2026-01-09 09:23:27,382 - sqlalchemy.engine.Engine - INFO - select current_schema()
2026-01-09 09:23:27,383 - sqlalchemy.engine.Engine - INFO - [raw sql] ()
2026-01-09 09:23:27,920 - sqlalchemy.engine.Engine - INFO - show standard_conforming_strings
2026-01-09 09:23:27,921 - sqlalchemy.engine.Engine - INFO - [raw sql] ()
2026-01-09 09:23:28,244 - sqlalchemy.engine.Engine - INFO - BEGIN (implicit)
2026-01-09 09:23:28,251 - sqlalchemy.engine.Engine - INFO - SELECT pg_catalog.pg_class.relname 
FROM pg_catalog.pg_class JOIN pg_catalog.pg_namespace ON pg_catalog.pg_namespace.oid = pg_catalog.pg_class.relnamespace 
WHERE pg_catalog.pg_class.relname = $1::VARCHAR AND pg_catalog.pg_class.relkind = ANY (ARRAY[$2::VARCHAR, $3::VARCHAR, $4::VARCHAR, $5::VARCHAR, $6::VARCHAR]) AND pg_catalog.pg_table_is_visible(pg_catalog.pg_class.oid) AND pg_catalog.pg_namespace.nspname != $7::VARCHAR
2026-01-09 09:23:28,252 - sqlalchemy.engine.Engine - INFO - [generated in 0.00167s] ('users', 'r', 'p', 'f', 'v', 'm', 'pg_catalog')
2026-01-09 09:23:28,580 - sqlalchemy.engine.Engine - INFO - SELECT pg_catalog.pg_class.relname 
FROM pg_catalog.pg_class JOIN pg_catalog.pg_namespace ON pg_catalog.pg_namespace.oid = pg_catalog.pg_class.relnamespace 
WHERE pg_catalog.pg_class.relname = $1::VARCHAR AND pg_catalog.pg_class.relkind = ANY (ARRAY[$2::VARCHAR, $3::VARCHAR, $4::VARCHAR, $5::VARCHAR, $6::VARCHAR]) AND pg_catalog.pg_table_is_visible(pg_catalog.pg_class.oid) AND pg_catalog.pg_namespace.nspname != $7::VARCHAR
2026-01-09 09:23:28,581 - sqlalchemy.engine.Engine - INFO - [cached since 0.33s ago] ('todos', 'r', 'p', 'f', 'v', 'm', 'pg_catalog')
2026-01-09 09:23:28,780 - sqlalchemy.engine.Engine - INFO - SELECT pg_catalog.pg_type.typname 
FROM pg_catalog.pg_type JOIN pg_catalog.pg_namespace ON pg_catalog.pg_namespace.oid = pg_catalog.pg_type.typnamespace 
WHERE pg_catalog.pg_type.typname = $1::VARCHAR AND pg_catalog.pg_type_is_visible(pg_catalog.pg_type.oid) AND pg_catalog.pg_namespace.nspname != $2::VARCHAR
2026-01-09 09:23:28,781 - sqlalchemy.engine.Engine - INFO - [generated in 0.00127s] ('userrole', 'pg_catalog')
2026-01-09 09:23:29,000 - sqlalchemy.engine.Engine - INFO - COMMIT
2026-01-09 09:23:29,109 - main - INFO - Database initialized
2026-01-09 09:23:31,621 - main - INFO - Shutting down TaskDo API...
2026-01-09 09:23:33,772 - app.utils.logging - INFO - Logging infrastructure initialized
2026-01-09 09:23:33,800 - main - INFO - Starting up TaskDo API...
2026-01-09 09:23:35,009 - sqlalchemy.engine.Engine - INFO - select pg_catalog.version()
2026-01-09 09:23:35,011 - sqlalchemy.engine.Engine - INFO - [raw sql] ()
2026-01-09 09:23:35,340 - sqlalchemy.engine.Engine - INFO - select current_schema()
2026-01-09 09:23:35,341 - sqlalchemy.engine.Engine - INFO - [raw sql] ()
2026-01-09 09:23:36,098 - sqlalchemy.engine.Engine - INFO - show standard_conforming_strings
2026-01-09 09:23:36,099 - sqlalchemy.engine.Engine - INFO - [raw sql] ()
2026-01-09 09:23:36,488 - sqlalchemy.engine.Engine - INFO - BEGIN (implicit)
2026-01-09 09:23:36,492 - sqlalchemy.engine.Engine - INFO - SELECT pg_catalog.pg_class.relname 
FROM pg_catalog.pg_class JOIN pg_catalog.pg_namespace ON pg_catalog.pg_namespace.oid = pg_catalog.pg_class.relnamespace 
WHERE pg_catalog.pg_class.relname = $1::VARCHAR AND pg_catalog.pg_class.relkind = ANY (ARRAY[$2::VARCHAR, $3::VARCHAR, $4::VARCHAR, $5::VARCHAR, $6::VARCHAR]) AND pg_catalog.pg_table_is_visible(pg_catalog.pg_class.oid) AND pg_catalog.pg_namespace.nspname != $7::VARCHAR
2026-01-09 09:23:36,493 - sqlalchemy.engine.Engine - INFO - [generated in 0.00112s] ('users', 'r', 'p', 'f', 'v', 'm', 'pg_catalog')
2026-01-09 09:23:36,819 - sqlalchemy.engine.Engine - INFO - SELECT pg_catalog.pg_class.relname 
FROM pg_catalog.pg_class JOIN pg_catalog.pg_namespace ON pg_catalog.pg_namespace.oid = pg_catalog.pg_class.relnamespace 
WHERE pg_catalog.pg_class.relname = $1::VARCHAR AND pg_catalog.pg_class.relkind = ANY (ARRAY[$2::VARCHAR, $3::VARCHAR, $4::VARCHAR, $5::VARCHAR, $6::VARCHAR]) AND pg_catalog.pg_table_is_visible(pg_catalog.pg_class.oid) AND pg_catalog.pg_namespace.nspname != $7::VARCHAR
2026-01-09 09:23:36,821 - sqlalchemy.engine.Engine - INFO - [cached since 0.3284s ago] ('todos', 'r', 'p', 'f', 'v', 'm', 'pg_catalog')
2026-01-09 09:23:36,931 - sqlalchemy.engine.Engine - INFO - SELECT pg_catalog.pg_type.typname 
FROM pg_catalog.pg_type JOIN pg_catalog.pg_namespace ON pg_catalog.pg_namespace.oid = pg_catalog.pg_type.typnamespace 
WHERE pg_catalog.pg_type.typname = $1::VARCHAR AND pg_catalog.pg_type_is_visible(pg_catalog.pg_type.oid) AND pg_catalog.pg_namespace.nspname != $2::VARCHAR
2026-01-09 09:23:36,932 - sqlalchemy.engine.Engine - INFO - [generated in 0.00108s] ('userrole', 'pg_catalog')
2026-01-09 09:23:37,148 - sqlalchemy.engine.Engine - INFO - COMMIT
2026-01-09 09:23:37,261 - main - INFO - Database initialized
2026-01-09 09:23:39,870 - main - INFO - Shutting down TaskDo API...
2026-01-09 09:23:41,718 - app.utils.logging - INFO - Logging infrastructure initialized
2026-01-09 09:23:41,748 - main - INFO - Starting up TaskDo API...
2026-01-09 09:23:42,858 - sqlalchemy.engine.Engine - INFO - select pg_catalog.version()
2026-01-09 09:23:42,859 - sqlalchemy.engine.Engine - INFO - [raw sql] ()
2026-01-09 09:23:46,222 - sqlalchemy.engine.Engine - INFO - select current_schema()
2026-01-09 09:23:46,224 - sqlalchemy.engine.Engine - INFO - [raw sql] ()
2026-01-09 09:23:46,966 - sqlalchemy.engine.Engine - INFO - show standard_conforming_strings
2026-01-09 09:23:46,968 - sqlalchemy.engine.Engine - INFO - [raw sql] ()
2026-01-09 09:23:47,415 - sqlalchemy.engine.Engine - INFO - BEGIN (implicit)
2026-01-09 09:23:47,420 - sqlalchemy.engine.Engine - INFO - SELECT pg_catalog.pg_class.relname 
FROM pg_catalog.pg_class JOIN pg_catalog.pg_namespace ON pg_catalog.pg_namespace.oid = pg_catalog.pg_class.relnamespace 
WHERE pg_catalog.pg_class.relname = $1::VARCHAR AND pg_catalog.pg_class.relkind = ANY (ARRAY[$2::VARCHAR, $3::VARCHAR, $4::VARCHAR, $5::VARCHAR, $6::VARCHAR]) AND pg_catalog.pg_table_is_visible(pg_catalog.pg_class.oid) AND pg_catalog.pg_namespace.nspname != $7::VARCHAR
2026-01-09 09:23:47,421 - sqlalchemy.engine.Engine - INFO - [generated in 0.00133s] ('users', 'r', 'p', 'f', 'v', 'm', 'pg_catalog')
2026-01-09 09:23:47,980 - sqlalchemy.engine.Engine - INFO - SELECT pg_catalog.pg_class.relname 
FROM pg_catalog.pg_class JOIN pg_catalog.pg_namespace ON pg_catalog.pg_namespace.oid = pg_catalog.pg_class.relnamespace 
WHERE pg_catalog.pg_class.relname = $1::VARCHAR AND pg_catalog.pg_class.relkind = ANY (ARRAY[$2::VARCHAR, $3::VARCHAR, $4::VARCHAR, $5::VARCHAR, $6::VARCHAR]) AND pg_catalog.pg_table_is_visible(pg_catalog.pg_class.oid) AND pg_catalog.pg_namespace.nspname != $7::VARCHAR
2026-01-09 09:23:47,981 - sqlalchemy.engine.Engine - INFO - [cached since 0.5616s ago] ('todos', 'r', 'p', 'f', 'v', 'm', 'pg_catalog')
2026-01-09 09:23:48,171 - sqlalchemy.engine.Engine - INFO - SELECT pg_catalog.pg_type.typname 
FROM pg_catalog.pg_type JOIN pg_catalog.pg_namespace ON pg_catalog.pg_namespace.oid = pg_catalog.pg_type.typnamespace 
WHERE pg_catalog.pg_type.typname = $1::VARCHAR AND pg_catalog.pg_type_is_visible(pg_catalog.pg_type.oid) AND pg_catalog.pg_namespace.nspname != $2::VARCHAR
2026-01-09 09:23:48,173 - sqlalchemy.engine.Engine - INFO - [generated in 0.00205s] ('userrole', 'pg_catalog')
2026-01-09 09:23:48,544 - sqlalchemy.engine.Engine - INFO - COMMIT
2026-01-09 09:23:48,730 - main - INFO - Database initialized
2026-01-09 09:25:15,554 - sqlalchemy.engine.Engine - INFO - BEGIN (implicit)
2026-01-09 09:25:15,560 - sqlalchemy.engine.Engine - INFO - SELECT users.email, users.name, users.role, users.id, users.hashed_password, users.created_at, users.updated_at, users.is_verified, users.is_active 
FROM users 
WHERE users.email = $1::VARCHAR
2026-01-09 09:25:15,562 - sqlalchemy.engine.Engine - INFO - [generated in 0.00159s] ('user@example.com',)
2026-01-09 09:25:16,091 - sqlalchemy.engine.Engine - INFO - ROLLBACK
2026-01-09 09:26:27,221 - main - INFO - Shutting down TaskDo API...
2026-01-09 09:26:29,395 - app.utils.logging - INFO - Logging infrastructure initialized
2026-01-09 09:26:29,436 - main - INFO - Starting up TaskDo API...
2026-01-09 09:26:30,500 - sqlalchemy.engine.Engine - INFO - select pg_catalog.version()
2026-01-09 09:26:30,501 - sqlalchemy.engine.Engine - INFO - [raw sql] ()
2026-01-09 09:26:31,064 - sqlalchemy.engine.Engine - INFO - select current_schema()
2026-01-09 09:26:31,065 - sqlalchemy.engine.Engine - INFO - [raw sql] ()
2026-01-09 09:26:31,814 - sqlalchemy.engine.Engine - INFO - show standard_conforming_strings
2026-01-09 09:26:31,815 - sqlalchemy.engine.Engine - INFO - [raw sql] ()
2026-01-09 09:26:32,377 - sqlalchemy.engine.Engine - INFO - BEGIN (implicit)
2026-01-09 09:26:32,383 - sqlalchemy.engine.Engine - INFO - SELECT pg_catalog.pg_class.relname 
FROM pg_catalog.pg_class JOIN pg_catalog.pg_namespace ON pg_catalog.pg_namespace.oid = pg_catalog.pg_class.relnamespace 
WHERE pg_catalog.pg_class.relname = $1::VARCHAR AND pg_catalog.pg_class.relkind = ANY (ARRAY[$2::VARCHAR, $3::VARCHAR, $4::VARCHAR, $5::VARCHAR, $6::VARCHAR]) AND pg_catalog.pg_table_is_visible(pg_catalog.pg_class.oid) AND pg_catalog.pg_namespace.nspname != $7::VARCHAR
2026-01-09 09:26:32,386 - sqlalchemy.engine.Engine - INFO - [generated in 0.00298s] ('users', 'r', 'p', 'f', 'v', 'm', 'pg_catalog')
2026-01-09 09:26:33,023 - sqlalchemy.engine.Engine - INFO - SELECT pg_catalog.pg_class.relname 
FROM pg_catalog.pg_class JOIN pg_catalog.pg_namespace ON pg_catalog.pg_namespace.oid = pg_catalog.pg_class.relnamespace 
WHERE pg_catalog.pg_class.relname = $1::VARCHAR AND pg_catalog.pg_class.relkind = ANY (ARRAY[$2::VARCHAR, $3::VARCHAR, $4::VARCHAR, $5::VARCHAR, $6::VARCHAR]) AND pg_catalog.pg_table_is_visible(pg_catalog.pg_class.oid) AND pg_catalog.pg_namespace.nspname != $7::VARCHAR
2026-01-09 09:26:33,025 - sqlalchemy.engine.Engine - INFO - [cached since 0.642s ago] ('todos', 'r', 'p', 'f', 'v', 'm', 'pg_catalog')
2026-01-09 09:26:33,133 - sqlalchemy.engine.Engine - INFO - SELECT pg_catalog.pg_type.typname 
FROM pg_catalog.pg_type JOIN pg_catalog.pg_namespace ON pg_catalog.pg_namespace.oid = pg_catalog.pg_type.typnamespace 
WHERE pg_catalog.pg_type.typname = $1::VARCHAR AND pg_catalog.pg_type_is_visible(pg_catalog.pg_type.oid) AND pg_catalog.pg_namespace.nspname != $2::VARCHAR
2026-01-09 09:26:33,135 - sqlalchemy.engine.Engine - INFO - [generated in 0.00135s] ('userrole', 'pg_catalog')
2026-01-09 09:26:33,409 - sqlalchemy.engine.Engine - INFO - COMMIT
2026-01-09 09:26:33,597 - main - INFO - Database initialized
2026-01-09 09:26:47,897 - main - INFO - Shutting down TaskDo API...
2026-01-09 09:26:50,062 - app.utils.logging - INFO - Logging infrastructure initialized
2026-01-09 09:26:50,093 - main - INFO - Starting up TaskDo API...
2026-01-09 09:26:50,821 - sqlalchemy.engine.Engine - INFO - select pg_catalog.version()
2026-01-09 09:26:50,822 - sqlalchemy.engine.Engine - INFO - [raw sql] ()
2026-01-09 09:26:51,172 - sqlalchemy.engine.Engine - INFO - select current_schema()
2026-01-09 09:26:51,174 - sqlalchemy.engine.Engine - INFO - [raw sql] ()
2026-01-09 09:26:51,777 - sqlalchemy.engine.Engine - INFO - show standard_conforming_strings
2026-01-09 09:26:51,779 - sqlalchemy.engine.Engine - INFO - [raw sql] ()
2026-01-09 09:26:52,258 - sqlalchemy.engine.Engine - INFO - BEGIN (implicit)
2026-01-09 09:26:52,264 - sqlalchemy.engine.Engine - INFO - SELECT pg_catalog.pg_class.relname 
FROM pg_catalog.pg_class JOIN pg_catalog.pg_namespace ON pg_catalog.pg_namespace.oid = pg_catalog.pg_class.relnamespace 
WHERE pg_catalog.pg_class.relname = $1::VARCHAR AND pg_catalog.pg_class.relkind = ANY (ARRAY[$2::VARCHAR, $3::VARCHAR, $4::VARCHAR, $5::VARCHAR, $6::VARCHAR]) AND pg_catalog.pg_table_is_visible(pg_catalog.pg_class.oid) AND pg_catalog.pg_namespace.nspname != $7::VARCHAR
2026-01-09 09:26:52,266 - sqlalchemy.engine.Engine - INFO - [generated in 0.00199s] ('users', 'r', 'p', 'f', 'v', 'm', 'pg_catalog')
2026-01-09 09:26:52,603 - sqlalchemy.engine.Engine - INFO - SELECT pg_catalog.pg_class.relname 
FROM pg_catalog.pg_class JOIN pg_catalog.pg_namespace ON pg_catalog.pg_namespace.oid = pg_catalog.pg_class.relnamespace 
WHERE pg_catalog.pg_class.relname = $1::VARCHAR AND pg_catalog.pg_class.relkind = ANY (ARRAY[$2::VARCHAR, $3::VARCHAR, $4::VARCHAR, $5::VARCHAR, $6::VARCHAR]) AND pg_catalog.pg_table_is_visible(pg_catalog.pg_class.oid) AND pg_catalog.pg_namespace.nspname != $7::VARCHAR
2026-01-09 09:26:52,604 - sqlalchemy.engine.Engine - INFO - [cached since 0.34s ago] ('todos', 'r', 'p', 'f', 'v', 'm', 'pg_catalog')
2026-01-09 09:26:52,719 - sqlalchemy.engine.Engine - INFO - SELECT pg_catalog.pg_type.typname 
FROM pg_catalog.pg_type JOIN pg_catalog.pg_namespace ON pg_catalog.pg_namespace.oid = pg_catalog.pg_type.typnamespace 
WHERE pg_catalog.pg_type.typname = $1::VARCHAR AND pg_catalog.pg_type_is_visible(pg_catalog.pg_type.oid) AND pg_catalog.pg_namespace.nspname != $2::VARCHAR
2026-01-09 09:26:52,721 - sqlalchemy.engine.Engine - INFO - [generated in 0.00164s] ('userrole', 'pg_catalog')
2026-01-09 09:26:52,944 - sqlalchemy.engine.Engine - INFO - COMMIT
2026-01-09 09:26:53,055 - main - INFO - Database initialized
2026-01-09 09:27:18,148 - main - INFO - Shutting down TaskDo API...
2026-01-09 09:27:20,167 - app.utils.logging - INFO - Logging infrastructure initialized
2026-01-09 09:27:20,192 - main - INFO - Starting up TaskDo API...
2026-01-09 09:27:21,320 - sqlalchemy.engine.Engine - INFO - select pg_catalog.version()
2026-01-09 09:27:21,321 - sqlalchemy.engine.Engine - INFO - [raw sql] ()
2026-01-09 09:27:21,791 - sqlalchemy.engine.Engine - INFO - select current_schema()
2026-01-09 09:27:21,792 - sqlalchemy.engine.Engine - INFO - [raw sql] ()
2026-01-09 09:27:22,306 - sqlalchemy.engine.Engine - INFO - show standard_conforming_strings
2026-01-09 09:27:22,308 - sqlalchemy.engine.Engine - INFO - [raw sql] ()
2026-01-09 09:27:22,849 - sqlalchemy.engine.Engine - INFO - BEGIN (implicit)
2026-01-09 09:27:22,856 - sqlalchemy.engine.Engine - INFO - SELECT pg_catalog.pg_class.relname 
FROM pg_catalog.pg_class JOIN pg_catalog.pg_namespace ON pg_catalog.pg_namespace.oid = pg_catalog.pg_class.relnamespace 
WHERE pg_catalog.pg_class.relname = $1::VARCHAR AND pg_catalog.pg_class.relkind = ANY (ARRAY[$2::VARCHAR, $3::VARCHAR, $4::VARCHAR, $5::VARCHAR, $6::VARCHAR]) AND pg_catalog.pg_table_is_visible(pg_catalog.pg_class.oid) AND pg_catalog.pg_namespace.nspname != $7::VARCHAR
2026-01-09 09:27:22,857 - sqlalchemy.engine.Engine - INFO - [generated in 0.00153s] ('users', 'r', 'p', 'f', 'v', 'm', 'pg_catalog')
2026-01-09 09:27:23,182 - sqlalchemy.engine.Engine - INFO - SELECT pg_catalog.pg_class.relname 
FROM pg_catalog.pg_class JOIN pg_catalog.pg_namespace ON pg_catalog.pg_namespace.oid = pg_catalog.pg_class.relnamespace 
WHERE pg_catalog.pg_class.relname = $1::VARCHAR AND pg_catalog.pg_class.relkind = ANY (ARRAY[$2::VARCHAR, $3::VARCHAR, $4::VARCHAR, $5::VARCHAR, $6::VARCHAR]) AND pg_catalog.pg_table_is_visible(pg_catalog.pg_class.oid) AND pg_catalog.pg_namespace.nspname != $7::VARCHAR
2026-01-09 09:27:23,183 - sqlalchemy.engine.Engine - INFO - [cached since 0.3272s ago] ('todos', 'r', 'p', 'f', 'v', 'm', 'pg_catalog')
2026-01-09 09:27:23,399 - sqlalchemy.engine.Engine - INFO - SELECT pg_catalog.pg_type.typname 
FROM pg_catalog.pg_type JOIN pg_catalog.pg_namespace ON pg_catalog.pg_namespace.oid = pg_catalog.pg_type.typnamespace 
WHERE pg_catalog.pg_type.typname = $1::VARCHAR AND pg_catalog.pg_type_is_visible(pg_catalog.pg_type.oid) AND pg_catalog.pg_namespace.nspname != $2::VARCHAR
2026-01-09 09:27:23,400 - sqlalchemy.engine.Engine - INFO - [generated in 0.00117s] ('userrole', 'pg_catalog')
2026-01-09 09:27:23,620 - sqlalchemy.engine.Engine - INFO - COMMIT
2026-01-09 09:27:23,733 - main - INFO - Database initialized
2026-01-09 09:28:00,861 - main - INFO - Shutting down TaskDo API...
2026-01-09 09:28:03,240 - app.utils.logging - INFO - Logging infrastructure initialized
2026-01-09 09:28:03,274 - main - INFO - Starting up TaskDo API...
2026-01-09 09:28:04,331 - sqlalchemy.engine.Engine - INFO - select pg_catalog.version()
2026-01-09 09:28:04,333 - sqlalchemy.engine.Engine - INFO - [raw sql] ()
2026-01-09 09:28:04,658 - sqlalchemy.engine.Engine - INFO - select current_schema()
2026-01-09 09:28:04,660 - sqlalchemy.engine.Engine - INFO - [raw sql] ()
2026-01-09 09:28:05,088 - sqlalchemy.engine.Engine - INFO - show standard_conforming_strings
2026-01-09 09:28:05,089 - sqlalchemy.engine.Engine - INFO - [raw sql] ()
2026-01-09 09:28:05,439 - sqlalchemy.engine.Engine - INFO - BEGIN (implicit)
2026-01-09 09:28:05,444 - sqlalchemy.engine.Engine - INFO - SELECT pg_catalog.pg_class.relname 
FROM pg_catalog.pg_class JOIN pg_catalog.pg_namespace ON pg_catalog.pg_namespace.oid = pg_catalog.pg_class.relnamespace 
WHERE pg_catalog.pg_class.relname = $1::VARCHAR AND pg_catalog.pg_class.relkind = ANY (ARRAY[$2::VARCHAR, $3::VARCHAR, $4::VARCHAR, $5::VARCHAR, $6::VARCHAR]) AND pg_catalog.pg_table_is_visible(pg_catalog.pg_class.oid) AND pg_catalog.pg_namespace.nspname != $7::VARCHAR
2026-01-09 09:28:05,445 - sqlalchemy.engine.Engine - INFO - [generated in 0.00123s] ('users', 'r', 'p', 'f', 'v', 'm', 'pg_catalog')
2026-01-09 09:28:05,861 - sqlalchemy.engine.Engine - INFO - SELECT pg_catalog.pg_class.relname 
FROM pg_catalog.pg_class JOIN pg_catalog.pg_namespace ON pg_catalog.pg_namespace.oid = pg_catalog.pg_class.relnamespace 
WHERE pg_catalog.pg_class.relname = $1::VARCHAR AND pg_catalog.pg_class.relkind = ANY (ARRAY[$2::VARCHAR, $3::VARCHAR, $4::VARCHAR, $5::VARCHAR, $6::VARCHAR]) AND pg_catalog.pg_table_is_visible(pg_catalog.pg_class.oid) AND pg_catalog.pg_namespace.nspname != $7::VARCHAR
2026-01-09 09:28:05,863 - sqlalchemy.engine.Engine - INFO - [cached since 0.4191s ago] ('todos', 'r', 'p', 'f', 'v', 'm', 'pg_catalog')
2026-01-09 09:28:05,990 - sqlalchemy.engine.Engine - INFO - SELECT pg_catalog.pg_type.typname 
FROM pg_catalog.pg_type JOIN pg_catalog.pg_namespace ON pg_catalog.pg_namespace.oid = pg_catalog.pg_type.typnamespace 
WHERE pg_catalog.pg_type.typname = $1::VARCHAR AND pg_catalog.pg_type_is_visible(pg_catalog.pg_type.oid) AND pg_catalog.pg_namespace.nspname != $2::VARCHAR
2026-01-09 09:28:05,992 - sqlalchemy.engine.Engine - INFO - [generated in 0.00152s] ('userrole', 'pg_catalog')
2026-01-09 09:28:06,247 - sqlalchemy.engine.Engine - INFO - COMMIT
2026-01-09 09:28:06,355 - main - INFO - Database initialized
2026-01-09 09:28:33,766 - main - INFO - Shutting down TaskDo API...
2026-01-09 09:28:35,926 - app.utils.logging - INFO - Logging infrastructure initialized
2026-01-09 09:28:35,963 - main - INFO - Starting up TaskDo API...
2026-01-09 09:28:37,133 - sqlalchemy.engine.Engine - INFO - select pg_catalog.version()
2026-01-09 09:28:37,139 - sqlalchemy.engine.Engine - INFO - [raw sql] ()
2026-01-09 09:28:37,734 - sqlalchemy.engine.Engine - INFO - select current_schema()
2026-01-09 09:28:37,736 - sqlalchemy.engine.Engine - INFO - [raw sql] ()
2026-01-09 09:28:38,487 - sqlalchemy.engine.Engine - INFO - show standard_conforming_strings
2026-01-09 09:28:38,488 - sqlalchemy.engine.Engine - INFO - [raw sql] ()
2026-01-09 09:28:38,863 - sqlalchemy.engine.Engine - INFO - BEGIN (implicit)
2026-01-09 09:28:38,873 - sqlalchemy.engine.Engine - INFO - SELECT pg_catalog.pg_class.relname 
FROM pg_catalog.pg_class JOIN pg_catalog.pg_namespace ON pg_catalog.pg_namespace.oid = pg_catalog.pg_class.relnamespace 
WHERE pg_catalog.pg_class.relname = $1::VARCHAR AND pg_catalog.pg_class.relkind = ANY (ARRAY[$2::VARCHAR, $3::VARCHAR, $4::VARCHAR, $5::VARCHAR, $6::VARCHAR]) AND pg_catalog.pg_table_is_visible(pg_catalog.pg_class.oid) AND pg_catalog.pg_namespace.nspname != $7::VARCHAR
2026-01-09 09:28:38,876 - sqlalchemy.engine.Engine - INFO - [generated in 0.00332s] ('users', 'r', 'p', 'f', 'v', 'm', 'pg_catalog')
2026-01-09 09:28:39,201 - sqlalchemy.engine.Engine - INFO - SELECT pg_catalog.pg_class.relname 
FROM pg_catalog.pg_class JOIN pg_catalog.pg_namespace ON pg_catalog.pg_namespace.oid = pg_catalog.pg_class.relnamespace 
WHERE pg_catalog.pg_class.relname = $1::VARCHAR AND pg_catalog.pg_class.relkind = ANY (ARRAY[$2::VARCHAR, $3::VARCHAR, $4::VARCHAR, $5::VARCHAR, $6::VARCHAR]) AND pg_catalog.pg_table_is_visible(pg_catalog.pg_class.oid) AND pg_catalog.pg_namespace.nspname != $7::VARCHAR
2026-01-09 09:28:39,202 - sqlalchemy.engine.Engine - INFO - [cached since 0.3298s ago] ('todos', 'r', 'p', 'f', 'v', 'm', 'pg_catalog')
2026-01-09 09:28:39,314 - sqlalchemy.engine.Engine - INFO - SELECT pg_catalog.pg_type.typname 
FROM pg_catalog.pg_type JOIN pg_catalog.pg_namespace ON pg_catalog.pg_namespace.oid = pg_catalog.pg_type.typnamespace 
WHERE pg_catalog.pg_type.typname = $1::VARCHAR AND pg_catalog.pg_type_is_visible(pg_catalog.pg_type.oid) AND pg_catalog.pg_namespace.nspname != $2::VARCHAR
2026-01-09 09:28:39,315 - sqlalchemy.engine.Engine - INFO - [generated in 0.00133s] ('userrole', 'pg_catalog')
2026-01-09 09:28:39,533 - sqlalchemy.engine.Engine - INFO - COMMIT
2026-01-09 09:28:39,642 - main - INFO - Database initialized
2026-01-09 09:29:05,540 - main - INFO - Shutting down TaskDo API...
2026-01-09 09:29:07,739 - app.utils.logging - INFO - Logging infrastructure initialized
2026-01-09 09:29:07,782 - main - INFO - Starting up TaskDo API...
2026-01-09 09:29:08,606 - sqlalchemy.engine.Engine - INFO - select pg_catalog.version()
2026-01-09 09:29:08,608 - sqlalchemy.engine.Engine - INFO - [raw sql] ()
2026-01-09 09:29:08,992 - sqlalchemy.engine.Engine - INFO - select current_schema()
2026-01-09 09:29:08,993 - sqlalchemy.engine.Engine - INFO - [raw sql] ()
2026-01-09 09:29:09,428 - sqlalchemy.engine.Engine - INFO - show standard_conforming_strings
2026-01-09 09:29:09,429 - sqlalchemy.engine.Engine - INFO - [raw sql] ()
2026-01-09 09:29:09,802 - sqlalchemy.engine.Engine - INFO - BEGIN (implicit)
2026-01-09 09:29:09,807 - sqlalchemy.engine.Engine - INFO - SELECT pg_catalog.pg_class.relname 
FROM pg_catalog.pg_class JOIN pg_catalog.pg_namespace ON pg_catalog.pg_namespace.oid = pg_catalog.pg_class.relnamespace 
WHERE pg_catalog.pg_class.relname = $1::VARCHAR AND pg_catalog.pg_class.relkind = ANY (ARRAY[$2::VARCHAR, $3::VARCHAR, $4::VARCHAR, $5::VARCHAR, $6::VARCHAR]) AND pg_catalog.pg_table_is_visible(pg_catalog.pg_class.oid) AND pg_catalog.pg_namespace.nspname != $7::VARCHAR
2026-01-09 09:29:09,808 - sqlalchemy.engine.Engine - INFO - [generated in 0.00092s] ('users', 'r', 'p', 'f', 'v', 'm', 'pg_catalog')
2026-01-09 09:29:10,284 - sqlalchemy.engine.Engine - INFO - SELECT pg_catalog.pg_class.relname 
FROM pg_catalog.pg_class JOIN pg_catalog.pg_namespace ON pg_catalog.pg_namespace.oid = pg_catalog.pg_class.relnamespace 
WHERE pg_catalog.pg_class.relname = $1::VARCHAR AND pg_catalog.pg_class.relkind = ANY (ARRAY[$2::VARCHAR, $3::VARCHAR, $4::VARCHAR, $5::VARCHAR, $6::VARCHAR]) AND pg_catalog.pg_table_is_visible(pg_catalog.pg_class.oid) AND pg_catalog.pg_namespace.nspname != $7::VARCHAR
2026-01-09 09:29:10,287 - sqlalchemy.engine.Engine - INFO - [cached since 0.4802s ago] ('todos', 'r', 'p', 'f', 'v', 'm', 'pg_catalog')
2026-01-09 09:29:10,473 - sqlalchemy.engine.Engine - INFO - SELECT pg_catalog.pg_type.typname 
FROM pg_catalog.pg_type JOIN pg_catalog.pg_namespace ON pg_catalog.pg_namespace.oid = pg_catalog.pg_type.typnamespace 
WHERE pg_catalog.pg_type.typname = $1::VARCHAR AND pg_catalog.pg_type_is_visible(pg_catalog.pg_type.oid) AND pg_catalog.pg_namespace.nspname != $2::VARCHAR
2026-01-09 09:29:10,475 - sqlalchemy.engine.Engine - INFO - [generated in 0.00169s] ('userrole', 'pg_catalog')
2026-01-09 09:29:10,847 - sqlalchemy.engine.Engine - INFO - COMMIT
2026-01-09 09:29:11,037 - main - INFO - Database initialized
2026-01-09 09:29:32,290 - main - INFO - Shutting down TaskDo API...
2026-01-09 09:29:34,537 - app.utils.logging - INFO - Logging infrastructure initialized
2026-01-09 09:29:34,566 - main - INFO - Starting up TaskDo API...
2026-01-09 09:29:35,262 - sqlalchemy.engine.Engine - INFO - select pg_catalog.version()
2026-01-09 09:29:35,264 - sqlalchemy.engine.Engine - INFO - [raw sql] ()
2026-01-09 09:29:38,521 - sqlalchemy.engine.Engine - INFO - select current_schema()
2026-01-09 09:29:38,523 - sqlalchemy.engine.Engine - INFO - [raw sql] ()
2026-01-09 09:29:38,957 - sqlalchemy.engine.Engine - INFO - show standard_conforming_strings
2026-01-09 09:29:38,958 - sqlalchemy.engine.Engine - INFO - [raw sql] ()
2026-01-09 09:29:39,294 - sqlalchemy.engine.Engine - INFO - BEGIN (implicit)
2026-01-09 09:29:39,305 - sqlalchemy.engine.Engine - INFO - SELECT pg_catalog.pg_class.relname 
FROM pg_catalog.pg_class JOIN pg_catalog.pg_namespace ON pg_catalog.pg_namespace.oid = pg_catalog.pg_class.relnamespace 
WHERE pg_catalog.pg_class.relname = $1::VARCHAR AND pg_catalog.pg_class.relkind = ANY (ARRAY[$2::VARCHAR, $3::VARCHAR, $4::VARCHAR, $5::VARCHAR, $6::VARCHAR]) AND pg_catalog.pg_table_is_visible(pg_catalog.pg_class.oid) AND pg_catalog.pg_namespace.nspname != $7::VARCHAR
2026-01-09 09:29:39,308 - sqlalchemy.engine.Engine - INFO - [generated in 0.00266s] ('users', 'r', 'p', 'f', 'v', 'm', 'pg_catalog')
2026-01-09 09:29:39,632 - sqlalchemy.engine.Engine - INFO - SELECT pg_catalog.pg_class.relname 
FROM pg_catalog.pg_class JOIN pg_catalog.pg_namespace ON pg_catalog.pg_namespace.oid = pg_catalog.pg_class.relnamespace 
WHERE pg_catalog.pg_class.relname = $1::VARCHAR AND pg_catalog.pg_class.relkind = ANY (ARRAY[$2::VARCHAR, $3::VARCHAR, $4::VARCHAR, $5::VARCHAR, $6::VARCHAR]) AND pg_catalog.pg_table_is_visible(pg_catalog.pg_class.oid) AND pg_catalog.pg_namespace.nspname != $7::VARCHAR
2026-01-09 09:29:39,634 - sqlalchemy.engine.Engine - INFO - [cached since 0.3287s ago] ('todos', 'r', 'p', 'f', 'v', 'm', 'pg_catalog')
2026-01-09 09:29:39,742 - sqlalchemy.engine.Engine - INFO - SELECT pg_catalog.pg_type.typname 
FROM pg_catalog.pg_type JOIN pg_catalog.pg_namespace ON pg_catalog.pg_namespace.oid = pg_catalog.pg_type.typnamespace 
WHERE pg_catalog.pg_type.typname = $1::VARCHAR AND pg_catalog.pg_type_is_visible(pg_catalog.pg_type.oid) AND pg_catalog.pg_namespace.nspname != $2::VARCHAR
2026-01-09 09:29:39,743 - sqlalchemy.engine.Engine - INFO - [generated in 0.00123s] ('userrole', 'pg_catalog')
2026-01-09 09:29:39,961 - sqlalchemy.engine.Engine - INFO - COMMIT
2026-01-09 09:29:40,070 - main - INFO - Database initialized
2026-01-09 09:29:58,212 - main - INFO - Shutting down TaskDo API...
2026-01-09 09:30:00,605 - app.utils.logging - INFO - Logging infrastructure initialized
2026-01-09 09:30:00,635 - main - INFO - Starting up TaskDo API...
2026-01-09 09:30:02,375 - sqlalchemy.engine.Engine - INFO - select pg_catalog.version()
2026-01-09 09:30:02,377 - sqlalchemy.engine.Engine - INFO - [raw sql] ()
2026-01-09 09:30:02,847 - sqlalchemy.engine.Engine - INFO - select current_schema()
2026-01-09 09:30:02,848 - sqlalchemy.engine.Engine - INFO - [raw sql] ()
2026-01-09 09:30:03,600 - sqlalchemy.engine.Engine - INFO - show standard_conforming_strings
2026-01-09 09:30:03,601 - sqlalchemy.engine.Engine - INFO - [raw sql] ()
2026-01-09 09:30:04,170 - sqlalchemy.engine.Engine - INFO - BEGIN (implicit)
2026-01-09 09:30:04,179 - sqlalchemy.engine.Engine - INFO - SELECT pg_catalog.pg_class.relname 
FROM pg_catalog.pg_class JOIN pg_catalog.pg_namespace ON pg_catalog.pg_namespace.oid = pg_catalog.pg_class.relnamespace 
WHERE pg_catalog.pg_class.relname = $1::VARCHAR AND pg_catalog.pg_class.relkind = ANY (ARRAY[$2::VARCHAR, $3::VARCHAR, $4::VARCHAR, $5::VARCHAR, $6::VARCHAR]) AND pg_catalog.pg_table_is_visible(pg_catalog.pg_class.oid) AND pg_catalog.pg_namespace.nspname != $7::VARCHAR
2026-01-09 09:30:04,181 - sqlalchemy.engine.Engine - INFO - [generated in 0.00224s] ('users', 'r', 'p', 'f', 'v', 'm', 'pg_catalog')
2026-01-09 09:30:04,597 - sqlalchemy.engine.Engine - INFO - SELECT pg_catalog.pg_class.relname 
FROM pg_catalog.pg_class JOIN pg_catalog.pg_namespace ON pg_catalog.pg_namespace.oid = pg_catalog.pg_class.relnamespace 
WHERE pg_catalog.pg_class.relname = $1::VARCHAR AND pg_catalog.pg_class.relkind = ANY (ARRAY[$2::VARCHAR, $3::VARCHAR, $4::VARCHAR, $5::VARCHAR, $6::VARCHAR]) AND pg_catalog.pg_table_is_visible(pg_catalog.pg_class.oid) AND pg_catalog.pg_namespace.nspname != $7::VARCHAR
2026-01-09 09:30:04,599 - sqlalchemy.engine.Engine - INFO - [cached since 0.4202s ago] ('todos', 'r', 'p', 'f', 'v', 'm', 'pg_catalog')
2026-01-09 09:30:04,786 - sqlalchemy.engine.Engine - INFO - SELECT pg_catalog.pg_type.typname 
FROM pg_catalog.pg_type JOIN pg_catalog.pg_namespace ON pg_catalog.pg_namespace.oid = pg_catalog.pg_type.typnamespace 
WHERE pg_catalog.pg_type.typname = $1::VARCHAR AND pg_catalog.pg_type_is_visible(pg_catalog.pg_type.oid) AND pg_catalog.pg_namespace.nspname != $2::VARCHAR
2026-01-09 09:30:04,787 - sqlalchemy.engine.Engine - INFO - [generated in 0.00162s] ('userrole', 'pg_catalog')
2026-01-09 09:30:05,066 - sqlalchemy.engine.Engine - INFO - COMMIT
2026-01-09 09:30:05,286 - main - INFO - Database initialized
2026-01-09 09:30:32,337 - main - INFO - Shutting down TaskDo API...
2026-01-09 09:30:34,551 - app.utils.logging - INFO - Logging infrastructure initialized
2026-01-09 09:30:34,583 - main - INFO - Starting up TaskDo API...
2026-01-09 09:30:36,479 - sqlalchemy.engine.Engine - INFO - select pg_catalog.version()
2026-01-09 09:30:36,480 - sqlalchemy.engine.Engine - INFO - [raw sql] ()
2026-01-09 09:30:37,714 - sqlalchemy.engine.Engine - INFO - select current_schema()
2026-01-09 09:30:37,715 - sqlalchemy.engine.Engine - INFO - [raw sql] ()
2026-01-09 09:30:38,878 - sqlalchemy.engine.Engine - INFO - show standard_conforming_strings
2026-01-09 09:30:38,879 - sqlalchemy.engine.Engine - INFO - [raw sql] ()
2026-01-09 09:30:39,432 - sqlalchemy.engine.Engine - INFO - BEGIN (implicit)
2026-01-09 09:30:39,439 - sqlalchemy.engine.Engine - INFO - SELECT pg_catalog.pg_class.relname 
FROM pg_catalog.pg_class JOIN pg_catalog.pg_namespace ON pg_catalog.pg_namespace.oid = pg_catalog.pg_class.relnamespace 
WHERE pg_catalog.pg_class.relname = $1::VARCHAR AND pg_catalog.pg_class.relkind = ANY (ARRAY[$2::VARCHAR, $3::VARCHAR, $4::VARCHAR, $5::VARCHAR, $6::VARCHAR]) AND pg_catalog.pg_table_is_visible(pg_catalog.pg_class.oid) AND pg_catalog.pg_namespace.nspname != $7::VARCHAR
2026-01-09 09:30:39,440 - sqlalchemy.engine.Engine - INFO - [generated in 0.00157s] ('users', 'r', 'p', 'f', 'v', 'm', 'pg_catalog')
2026-01-09 09:30:40,071 - sqlalchemy.engine.Engine - INFO - SELECT pg_catalog.pg_class.relname 
FROM pg_catalog.pg_class JOIN pg_catalog.pg_namespace ON pg_catalog.pg_namespace.oid = pg_catalog.pg_class.relnamespace 
WHERE pg_catalog.pg_class.relname = $1::VARCHAR AND pg_catalog.pg_class.relkind = ANY (ARRAY[$2::VARCHAR, $3::VARCHAR, $4::VARCHAR, $5::VARCHAR, $6::VARCHAR]) AND pg_catalog.pg_table_is_visible(pg_catalog.pg_class.oid) AND pg_catalog.pg_namespace.nspname != $7::VARCHAR
2026-01-09 09:30:40,072 - sqlalchemy.engine.Engine - INFO - [cached since 0.6337s ago] ('todos', 'r', 'p', 'f', 'v', 'm', 'pg_catalog')
2026-01-09 09:30:40,261 - sqlalchemy.engine.Engine - INFO - SELECT pg_catalog.pg_type.typname 
FROM pg_catalog.pg_type JOIN pg_catalog.pg_namespace ON pg_catalog.pg_namespace.oid = pg_catalog.pg_type.typnamespace 
WHERE pg_catalog.pg_type.typname = $1::VARCHAR AND pg_catalog.pg_type_is_visible(pg_catalog.pg_type.oid) AND pg_catalog.pg_namespace.nspname != $2::VARCHAR
2026-01-09 09:30:40,263 - sqlalchemy.engine.Engine - INFO - [generated in 0.00158s] ('userrole', 'pg_catalog')
2026-01-09 09:30:40,822 - sqlalchemy.engine.Engine - INFO - COMMIT
2026-01-09 09:30:40,962 - main - INFO - Database initialized
2026-01-09 09:31:02,792 - main - INFO - Shutting down TaskDo API...
2026-01-09 09:31:05,670 - app.utils.logging - INFO - Logging infrastructure initialized
2026-01-09 09:31:05,708 - main - INFO - Starting up TaskDo API...
2026-01-09 09:31:06,434 - sqlalchemy.engine.Engine - INFO - select pg_catalog.version()
2026-01-09 09:31:06,435 - sqlalchemy.engine.Engine - INFO - [raw sql] ()
2026-01-09 09:31:06,762 - sqlalchemy.engine.Engine - INFO - select current_schema()
2026-01-09 09:31:06,763 - sqlalchemy.engine.Engine - INFO - [raw sql] ()
2026-01-09 09:31:07,786 - sqlalchemy.engine.Engine - INFO - show standard_conforming_strings
2026-01-09 09:31:07,788 - sqlalchemy.engine.Engine - INFO - [raw sql] ()
2026-01-09 09:31:08,113 - sqlalchemy.engine.Engine - INFO - BEGIN (implicit)
2026-01-09 09:31:08,117 - sqlalchemy.engine.Engine - INFO - SELECT pg_catalog.pg_class.relname 
FROM pg_catalog.pg_class JOIN pg_catalog.pg_namespace ON pg_catalog.pg_namespace.oid = pg_catalog.pg_class.relnamespace 
WHERE pg_catalog.pg_class.relname = $1::VARCHAR AND pg_catalog.pg_class.relkind = ANY (ARRAY[$2::VARCHAR, $3::VARCHAR, $4::VARCHAR, $5::VARCHAR, $6::VARCHAR]) AND pg_catalog.pg_table_is_visible(pg_catalog.pg_class.oid) AND pg_catalog.pg_namespace.nspname != $7::VARCHAR
2026-01-09 09:31:08,118 - sqlalchemy.engine.Engine - INFO - [generated in 0.00114s] ('users', 'r', 'p', 'f', 'v', 'm', 'pg_catalog')
2026-01-09 09:31:08,448 - sqlalchemy.engine.Engine - INFO - SELECT pg_catalog.pg_class.relname 
FROM pg_catalog.pg_class JOIN pg_catalog.pg_namespace ON pg_catalog.pg_namespace.oid = pg_catalog.pg_class.relnamespace 
WHERE pg_catalog.pg_class.relname = $1::VARCHAR AND pg_catalog.pg_class.relkind = ANY (ARRAY[$2::VARCHAR, $3::VARCHAR, $4::VARCHAR, $5::VARCHAR, $6::VARCHAR]) AND pg_catalog.pg_table_is_visible(pg_catalog.pg_class.oid) AND pg_catalog.pg_namespace.nspname != $7::VARCHAR
2026-01-09 09:31:08,449 - sqlalchemy.engine.Engine - INFO - [cached since 0.3325s ago] ('todos', 'r', 'p', 'f', 'v', 'm', 'pg_catalog')
2026-01-09 09:31:08,557 - sqlalchemy.engine.Engine - INFO - SELECT pg_catalog.pg_type.typname 
FROM pg_catalog.pg_type JOIN pg_catalog.pg_namespace ON pg_catalog.pg_namespace.oid = pg_catalog.pg_type.typnamespace 
WHERE pg_catalog.pg_type.typname = $1::VARCHAR AND pg_catalog.pg_type_is_visible(pg_catalog.pg_type.oid) AND pg_catalog.pg_namespace.nspname != $2::VARCHAR
2026-01-09 09:31:08,558 - sqlalchemy.engine.Engine - INFO - [generated in 0.00143s] ('userrole', 'pg_catalog')
2026-01-09 09:31:08,780 - sqlalchemy.engine.Engine - INFO - COMMIT
2026-01-09 09:31:08,887 - main - INFO - Database initialized
2026-01-09 09:31:23,918 - main - INFO - Shutting down TaskDo API...
2026-01-09 09:31:25,883 - app.utils.logging - INFO - Logging infrastructure initialized
2026-01-09 09:31:25,923 - main - INFO - Starting up TaskDo API...
2026-01-09 09:31:26,773 - sqlalchemy.engine.Engine - INFO - select pg_catalog.version()
2026-01-09 09:31:26,774 - sqlalchemy.engine.Engine - INFO - [raw sql] ()
2026-01-09 09:31:27,141 - sqlalchemy.engine.Engine - INFO - select current_schema()
2026-01-09 09:31:27,142 - sqlalchemy.engine.Engine - INFO - [raw sql] ()
2026-01-09 09:31:27,756 - sqlalchemy.engine.Engine - INFO - show standard_conforming_strings
2026-01-09 09:31:27,757 - sqlalchemy.engine.Engine - INFO - [raw sql] ()
2026-01-09 09:31:28,170 - sqlalchemy.engine.Engine - INFO - BEGIN (implicit)
2026-01-09 09:31:28,176 - sqlalchemy.engine.Engine - INFO - SELECT pg_catalog.pg_class.relname 
FROM pg_catalog.pg_class JOIN pg_catalog.pg_namespace ON pg_catalog.pg_namespace.oid = pg_catalog.pg_class.relnamespace 
WHERE pg_catalog.pg_class.relname = $1::VARCHAR AND pg_catalog.pg_class.relkind = ANY (ARRAY[$2::VARCHAR, $3::VARCHAR, $4::VARCHAR, $5::VARCHAR, $6::VARCHAR]) AND pg_catalog.pg_table_is_visible(pg_catalog.pg_class.oid) AND pg_catalog.pg_namespace.nspname != $7::VARCHAR
2026-01-09 09:31:28,177 - sqlalchemy.engine.Engine - INFO - [generated in 0.00120s] ('users', 'r', 'p', 'f', 'v', 'm', 'pg_catalog')
2026-01-09 09:31:28,774 - sqlalchemy.engine.Engine - INFO - SELECT pg_catalog.pg_class.relname 
FROM pg_catalog.pg_class JOIN pg_catalog.pg_namespace ON pg_catalog.pg_namespace.oid = pg_catalog.pg_class.relnamespace 
WHERE pg_catalog.pg_class.relname = $1::VARCHAR AND pg_catalog.pg_class.relkind = ANY (ARRAY[$2::VARCHAR, $3::VARCHAR, $4::VARCHAR, $5::VARCHAR, $6::VARCHAR]) AND pg_catalog.pg_table_is_visible(pg_catalog.pg_class.oid) AND pg_catalog.pg_namespace.nspname != $7::VARCHAR
2026-01-09 09:31:28,775 - sqlalchemy.engine.Engine - INFO - [cached since 0.5995s ago] ('todos', 'r', 'p', 'f', 'v', 'm', 'pg_catalog')
2026-01-09 09:31:28,964 - sqlalchemy.engine.Engine - INFO - SELECT pg_catalog.pg_type.typname 
FROM pg_catalog.pg_type JOIN pg_catalog.pg_namespace ON pg_catalog.pg_namespace.oid = pg_catalog.pg_type.typnamespace 
WHERE pg_catalog.pg_type.typname = $1::VARCHAR AND pg_catalog.pg_type_is_visible(pg_catalog.pg_type.oid) AND pg_catalog.pg_namespace.nspname != $2::VARCHAR
2026-01-09 09:31:28,966 - sqlalchemy.engine.Engine - INFO - [generated in 0.00148s] ('userrole', 'pg_catalog')
2026-01-09 09:31:29,179 - sqlalchemy.engine.Engine - INFO - COMMIT
2026-01-09 09:31:29,291 - main - INFO - Database initialized
2026-01-09 09:32:02,433 - main - INFO - Shutting down TaskDo API...
2026-01-09 09:32:04,296 - app.utils.logging - INFO - Logging infrastructure initialized
2026-01-09 09:32:04,326 - main - INFO - Starting up TaskDo API...
2026-01-09 09:32:05,049 - sqlalchemy.engine.Engine - INFO - select pg_catalog.version()
2026-01-09 09:32:05,050 - sqlalchemy.engine.Engine - INFO - [raw sql] ()
2026-01-09 09:32:05,381 - sqlalchemy.engine.Engine - INFO - select current_schema()
2026-01-09 09:32:05,382 - sqlalchemy.engine.Engine - INFO - [raw sql] ()
2026-01-09 09:32:05,815 - sqlalchemy.engine.Engine - INFO - show standard_conforming_strings
2026-01-09 09:32:05,817 - sqlalchemy.engine.Engine - INFO - [raw sql] ()
2026-01-09 09:32:06,217 - sqlalchemy.engine.Engine - INFO - BEGIN (implicit)
2026-01-09 09:32:06,223 - sqlalchemy.engine.Engine - INFO - SELECT pg_catalog.pg_class.relname 
FROM pg_catalog.pg_class JOIN pg_catalog.pg_namespace ON pg_catalog.pg_namespace.oid = pg_catalog.pg_class.relnamespace 
WHERE pg_catalog.pg_class.relname = $1::VARCHAR AND pg_catalog.pg_class.relkind = ANY (ARRAY[$2::VARCHAR, $3::VARCHAR, $4::VARCHAR, $5::VARCHAR, $6::VARCHAR]) AND pg_catalog.pg_table_is_visible(pg_catalog.pg_class.oid) AND pg_catalog.pg_namespace.nspname != $7::VARCHAR
2026-01-09 09:32:06,224 - sqlalchemy.engine.Engine - INFO - [generated in 0.00144s] ('users', 'r', 'p', 'f', 'v', 'm', 'pg_catalog')
2026-01-09 09:32:06,602 - sqlalchemy.engine.Engine - INFO - SELECT pg_catalog.pg_class.relname 
FROM pg_catalog.pg_class JOIN pg_catalog.pg_namespace ON pg_catalog.pg_namespace.oid = pg_catalog.pg_class.relnamespace 
WHERE pg_catalog.pg_class.relname = $1::VARCHAR AND pg_catalog.pg_class.relkind = ANY (ARRAY[$2::VARCHAR, $3::VARCHAR, $4::VARCHAR, $5::VARCHAR, $6::VARCHAR]) AND pg_catalog.pg_table_is_visible(pg_catalog.pg_class.oid) AND pg_catalog.pg_namespace.nspname != $7::VARCHAR
2026-01-09 09:32:06,603 - sqlalchemy.engine.Engine - INFO - [cached since 0.3809s ago] ('todos', 'r', 'p', 'f', 'v', 'm', 'pg_catalog')
2026-01-09 09:32:06,790 - sqlalchemy.engine.Engine - INFO - SELECT pg_catalog.pg_type.typname 
FROM pg_catalog.pg_type JOIN pg_catalog.pg_namespace ON pg_catalog.pg_namespace.oid = pg_catalog.pg_type.typnamespace 
WHERE pg_catalog.pg_type.typname = $1::VARCHAR AND pg_catalog.pg_type_is_visible(pg_catalog.pg_type.oid) AND pg_catalog.pg_namespace.nspname != $2::VARCHAR
2026-01-09 09:32:06,793 - sqlalchemy.engine.Engine - INFO - [generated in 0.00243s] ('userrole', 'pg_catalog')
2026-01-09 09:32:07,030 - sqlalchemy.engine.Engine - INFO - COMMIT
2026-01-09 09:32:07,139 - main - INFO - Database initialized
2026-01-09 09:32:19,776 - main - INFO - Shutting down TaskDo API...
2026-01-09 09:32:21,838 - app.utils.logging - INFO - Logging infrastructure initialized
2026-01-09 09:32:21,871 - main - INFO - Starting up TaskDo API...
2026-01-09 09:32:23,050 - sqlalchemy.engine.Engine - INFO - select pg_catalog.version()
2026-01-09 09:32:23,052 - sqlalchemy.engine.Engine - INFO - [raw sql] ()
2026-01-09 09:32:23,535 - sqlalchemy.engine.Engine - INFO - select current_schema()
2026-01-09 09:32:23,537 - sqlalchemy.engine.Engine - INFO - [raw sql] ()
2026-01-09 09:32:24,277 - sqlalchemy.engine.Engine - INFO - show standard_conforming_strings
2026-01-09 09:32:24,278 - sqlalchemy.engine.Engine - INFO - [raw sql] ()
2026-01-09 09:32:24,761 - sqlalchemy.engine.Engine - INFO - BEGIN (implicit)
2026-01-09 09:32:24,768 - sqlalchemy.engine.Engine - INFO - SELECT pg_catalog.pg_class.relname 
FROM pg_catalog.pg_class JOIN pg_catalog.pg_namespace ON pg_catalog.pg_namespace.oid = pg_catalog.pg_class.relnamespace 
WHERE pg_catalog.pg_class.relname = $1::VARCHAR AND pg_catalog.pg_class.relkind = ANY (ARRAY[$2::VARCHAR, $3::VARCHAR, $4::VARCHAR, $5::VARCHAR, $6::VARCHAR]) AND pg_catalog.pg_table_is_visible(pg_catalog.pg_class.oid) AND pg_catalog.pg_namespace.nspname != $7::VARCHAR
2026-01-09 09:32:24,769 - sqlalchemy.engine.Engine - INFO - [generated in 0.00168s] ('users', 'r', 'p', 'f', 'v', 'm', 'pg_catalog')
2026-01-09 09:32:25,311 - sqlalchemy.engine.Engine - INFO - SELECT pg_catalog.pg_class.relname 
FROM pg_catalog.pg_class JOIN pg_catalog.pg_namespace ON pg_catalog.pg_namespace.oid = pg_catalog.pg_class.relnamespace 
WHERE pg_catalog.pg_class.relname = $1::VARCHAR AND pg_catalog.pg_class.relkind = ANY (ARRAY[$2::VARCHAR, $3::VARCHAR, $4::VARCHAR, $5::VARCHAR, $6::VARCHAR]) AND pg_catalog.pg_table_is_visible(pg_catalog.pg_class.oid) AND pg_catalog.pg_namespace.nspname != $7::VARCHAR
2026-01-09 09:32:25,312 - sqlalchemy.engine.Engine - INFO - [cached since 0.5446s ago] ('todos', 'r', 'p', 'f', 'v', 'm', 'pg_catalog')
2026-01-09 09:32:25,501 - sqlalchemy.engine.Engine - INFO - SELECT pg_catalog.pg_type.typname 
FROM pg_catalog.pg_type JOIN pg_catalog.pg_namespace ON pg_catalog.pg_namespace.oid = pg_catalog.pg_type.typnamespace 
WHERE pg_catalog.pg_type.typname = $1::VARCHAR AND pg_catalog.pg_type_is_visible(pg_catalog.pg_type.oid) AND pg_catalog.pg_namespace.nspname != $2::VARCHAR
2026-01-09 09:32:25,502 - sqlalchemy.engine.Engine - INFO - [generated in 0.00139s] ('userrole', 'pg_catalog')
2026-01-09 09:32:25,876 - sqlalchemy.engine.Engine - INFO - COMMIT
2026-01-09 09:32:26,065 - main - INFO - Database initialized
2026-01-09 09:33:05,592 - main - INFO - Shutting down TaskDo API...
2026-01-09 09:33:10,396 - app.utils.logging - INFO - Logging infrastructure initialized
2026-01-09 09:33:10,428 - main - INFO - Starting up TaskDo API...
2026-01-09 09:33:11,213 - sqlalchemy.engine.Engine - INFO - select pg_catalog.version()
2026-01-09 09:33:11,215 - sqlalchemy.engine.Engine - INFO - [raw sql] ()
2026-01-09 09:33:11,590 - sqlalchemy.engine.Engine - INFO - select current_schema()
2026-01-09 09:33:11,591 - sqlalchemy.engine.Engine - INFO - [raw sql] ()
2026-01-09 09:33:12,155 - sqlalchemy.engine.Engine - INFO - show standard_conforming_strings
2026-01-09 09:33:12,156 - sqlalchemy.engine.Engine - INFO - [raw sql] ()
2026-01-09 09:33:13,929 - sqlalchemy.engine.Engine - INFO - BEGIN (implicit)
2026-01-09 09:33:13,936 - sqlalchemy.engine.Engine - INFO - SELECT pg_catalog.pg_class.relname 
FROM pg_catalog.pg_class JOIN pg_catalog.pg_namespace ON pg_catalog.pg_namespace.oid = pg_catalog.pg_class.relnamespace 
WHERE pg_catalog.pg_class.relname = $1::VARCHAR AND pg_catalog.pg_class.relkind = ANY (ARRAY[$2::VARCHAR, $3::VARCHAR, $4::VARCHAR, $5::VARCHAR, $6::VARCHAR]) AND pg_catalog.pg_table_is_visible(pg_catalog.pg_class.oid) AND pg_catalog.pg_namespace.nspname != $7::VARCHAR
2026-01-09 09:33:13,938 - sqlalchemy.engine.Engine - INFO - [generated in 0.00187s] ('users', 'r', 'p', 'f', 'v', 'm', 'pg_catalog')
2026-01-09 09:33:15,613 - sqlalchemy.engine.Engine - INFO - SELECT pg_catalog.pg_class.relname 
FROM pg_catalog.pg_class JOIN pg_catalog.pg_namespace ON pg_catalog.pg_namespace.oid = pg_catalog.pg_class.relnamespace 
WHERE pg_catalog.pg_class.relname = $1::VARCHAR AND pg_catalog.pg_class.relkind = ANY (ARRAY[$2::VARCHAR, $3::VARCHAR, $4::VARCHAR, $5::VARCHAR, $6::VARCHAR]) AND pg_catalog.pg_table_is_visible(pg_catalog.pg_class.oid) AND pg_catalog.pg_namespace.nspname != $7::VARCHAR
2026-01-09 09:33:15,615 - sqlalchemy.engine.Engine - INFO - [cached since 1.679s ago] ('todos', 'r', 'p', 'f', 'v', 'm', 'pg_catalog')
2026-01-09 09:33:15,835 - sqlalchemy.engine.Engine - INFO - SELECT pg_catalog.pg_type.typname 
FROM pg_catalog.pg_type JOIN pg_catalog.pg_namespace ON pg_catalog.pg_namespace.oid = pg_catalog.pg_type.typnamespace 
WHERE pg_catalog.pg_type.typname = $1::VARCHAR AND pg_catalog.pg_type_is_visible(pg_catalog.pg_type.oid) AND pg_catalog.pg_namespace.nspname != $2::VARCHAR
2026-01-09 09:33:15,837 - sqlalchemy.engine.Engine - INFO - [generated in 0.00184s] ('userrole', 'pg_catalog')
2026-01-09 09:33:16,525 - sqlalchemy.engine.Engine - INFO - COMMIT
2026-01-09 09:33:16,839 - main - INFO - Database initialized
2026-01-09 09:33:53,961 - main - INFO - Shutting down TaskDo API...
2026-01-09 09:33:56,278 - app.utils.logging - INFO - Logging infrastructure initialized
2026-01-09 09:33:56,311 - main - INFO - Starting up TaskDo API...
2026-01-09 09:33:57,032 - sqlalchemy.engine.Engine - INFO - select pg_catalog.version()
2026-01-09 09:33:57,039 - sqlalchemy.engine.Engine - INFO - [raw sql] ()
2026-01-09 09:33:57,387 - sqlalchemy.engine.Engine - INFO - select current_schema()
2026-01-09 09:33:57,389 - sqlalchemy.engine.Engine - INFO - [raw sql] ()
2026-01-09 09:33:57,829 - sqlalchemy.engine.Engine - INFO - show standard_conforming_strings
2026-01-09 09:33:57,831 - sqlalchemy.engine.Engine - INFO - [raw sql] ()
2026-01-09 09:33:58,240 - sqlalchemy.engine.Engine - INFO - BEGIN (implicit)
2026-01-09 09:33:58,246 - sqlalchemy.engine.Engine - INFO - SELECT pg_catalog.pg_class.relname 
FROM pg_catalog.pg_class JOIN pg_catalog.pg_namespace ON pg_catalog.pg_namespace.oid = pg_catalog.pg_class.relnamespace 
WHERE pg_catalog.pg_class.relname = $1::VARCHAR AND pg_catalog.pg_class.relkind = ANY (ARRAY[$2::VARCHAR, $3::VARCHAR, $4::VARCHAR, $5::VARCHAR, $6::VARCHAR]) AND pg_catalog.pg_table_is_visible(pg_catalog.pg_class.oid) AND pg_catalog.pg_namespace.nspname != $7::VARCHAR
2026-01-09 09:33:58,247 - sqlalchemy.engine.Engine - INFO - [generated in 0.00155s] ('users', 'r', 'p', 'f', 'v', 'm', 'pg_catalog')
2026-01-09 09:33:58,582 - sqlalchemy.engine.Engine - INFO - SELECT pg_catalog.pg_class.relname 
FROM pg_catalog.pg_class JOIN pg_catalog.pg_namespace ON pg_catalog.pg_namespace.oid = pg_catalog.pg_class.relnamespace 
WHERE pg_catalog.pg_class.relname = $1::VARCHAR AND pg_catalog.pg_class.relkind = ANY (ARRAY[$2::VARCHAR, $3::VARCHAR, $4::VARCHAR, $5::VARCHAR, $6::VARCHAR]) AND pg_catalog.pg_table_is_visible(pg_catalog.pg_class.oid) AND pg_catalog.pg_namespace.nspname != $7::VARCHAR
2026-01-09 09:33:58,583 - sqlalchemy.engine.Engine - INFO - [cached since 0.3376s ago] ('todos', 'r', 'p', 'f', 'v', 'm', 'pg_catalog')
2026-01-09 09:33:58,693 - sqlalchemy.engine.Engine - INFO - SELECT pg_catalog.pg_type.typname 
FROM pg_catalog.pg_type JOIN pg_catalog.pg_namespace ON pg_catalog.pg_namespace.oid = pg_catalog.pg_type.typnamespace 
WHERE pg_catalog.pg_type.typname = $1::VARCHAR AND pg_catalog.pg_type_is_visible(pg_catalog.pg_type.oid) AND pg_catalog.pg_namespace.nspname != $2::VARCHAR
2026-01-09 09:33:58,695 - sqlalchemy.engine.Engine - INFO - [generated in 0.00168s] ('userrole', 'pg_catalog')
2026-01-09 09:33:58,913 - sqlalchemy.engine.Engine - INFO - COMMIT
2026-01-09 09:33:59,024 - main - INFO - Database initialized
2026-01-09 10:02:12,611 - app.utils.logging - INFO - Logging infrastructure initialized
2026-01-09 10:02:12,697 - main - INFO - Starting up TaskDo API...
2026-01-09 10:02:13,673 - sqlalchemy.engine.Engine - INFO - select pg_catalog.version()
2026-01-09 10:02:13,678 - sqlalchemy.engine.Engine - INFO - [raw sql] ()
2026-01-09 10:02:14,007 - sqlalchemy.engine.Engine - INFO - select current_schema()
2026-01-09 10:02:14,012 - sqlalchemy.engine.Engine - INFO - [raw sql] ()
2026-01-09 10:02:14,451 - sqlalchemy.engine.Engine - INFO - show standard_conforming_strings
2026-01-09 10:02:14,455 - sqlalchemy.engine.Engine - INFO - [raw sql] ()
2026-01-09 10:02:14,782 - sqlalchemy.engine.Engine - INFO - BEGIN (implicit)
2026-01-09 10:02:14,802 - sqlalchemy.engine.Engine - INFO - SELECT pg_catalog.pg_class.relname 
FROM pg_catalog.pg_class JOIN pg_catalog.pg_namespace ON pg_catalog.pg_namespace.oid = pg_catalog.pg_class.relnamespace 
WHERE pg_catalog.pg_class.relname = $1::VARCHAR AND pg_catalog.pg_class.relkind = ANY (ARRAY[$2::VARCHAR, $3::VARCHAR, $4::VARCHAR, $5::VARCHAR, $6::VARCHAR]) AND pg_catalog.pg_table_is_visible(pg_catalog.pg_class.oid) AND pg_catalog.pg_namespace.nspname != $7::VARCHAR
2026-01-09 10:02:14,806 - sqlalchemy.engine.Engine - INFO - [generated in 0.00476s] ('users', 'r', 'p', 'f', 'v', 'm', 'pg_catalog')
2026-01-09 10:02:15,135 - sqlalchemy.engine.Engine - INFO - SELECT pg_catalog.pg_class.relname 
FROM pg_catalog.pg_class JOIN pg_catalog.pg_namespace ON pg_catalog.pg_namespace.oid = pg_catalog.pg_class.relnamespace 
WHERE pg_catalog.pg_class.relname = $1::VARCHAR AND pg_catalog.pg_class.relkind = ANY (ARRAY[$2::VARCHAR, $3::VARCHAR, $4::VARCHAR, $5::VARCHAR, $6::VARCHAR]) AND pg_catalog.pg_table_is_visible(pg_catalog.pg_class.oid) AND pg_catalog.pg_namespace.nspname != $7::VARCHAR
2026-01-09 10:02:15,139 - sqlalchemy.engine.Engine - INFO - [cached since 0.3378s ago] ('todos', 'r', 'p', 'f', 'v', 'm', 'pg_catalog')
2026-01-09 10:02:15,255 - sqlalchemy.engine.Engine - INFO - SELECT pg_catalog.pg_type.typname 
FROM pg_catalog.pg_type JOIN pg_catalog.pg_namespace ON pg_catalog.pg_namespace.oid = pg_catalog.pg_type.typnamespace 
WHERE pg_catalog.pg_type.typname = $1::VARCHAR AND pg_catalog.pg_type_is_visible(pg_catalog.pg_type.oid) AND pg_catalog.pg_namespace.nspname != $2::VARCHAR
2026-01-09 10:02:15,260 - sqlalchemy.engine.Engine - INFO - [generated in 0.00476s] ('userrole', 'pg_catalog')
2026-01-09 10:02:15,514 - sqlalchemy.engine.Engine - INFO - COMMIT
2026-01-09 10:02:15,626 - main - INFO - Database initialized
2026-01-09 10:02:55,783 - sqlalchemy.engine.Engine - INFO - BEGIN (implicit)
2026-01-09 10:02:55,803 - sqlalchemy.engine.Engine - INFO - SELECT users.email, users.name, users.role, users.id, users.hashed_password, users.created_at, users.updated_at, users.is_verified, users.is_active 
FROM users 
WHERE users.email = $1::VARCHAR
2026-01-09 10:02:55,808 - sqlalchemy.engine.Engine - INFO - [generated in 0.00503s] ('user@example.com',)
2026-01-09 10:02:56,797 - passlib.handlers.bcrypt - WARNING - (trapped) error reading bcrypt version
Traceback (most recent call last):
  File "/home/helloubuntu/.local/lib/python3.12/site-packages/passlib/handlers/bcrypt.py", line 620, in _load_backend_mixin
    version = _bcrypt.__about__.__version__
              ^^^^^^^^^^^^^^^^^
AttributeError: module 'bcrypt' has no attribute '__about__'
2026-01-09 10:02:56,834 - sqlalchemy.engine.Engine - INFO - ROLLBACK
2026-01-09 10:03:29,043 - sqlalchemy.engine.Engine - INFO - BEGIN (implicit)
2026-01-09 10:03:29,047 - sqlalchemy.engine.Engine - INFO - SELECT users.email, users.name, users.role, users.id, users.hashed_password, users.created_at, users.updated_at, users.is_verified, users.is_active 
FROM users 
WHERE users.email = $1::VARCHAR
2026-01-09 10:03:29,052 - sqlalchemy.engine.Engine - INFO - [cached since 30.32s ago] ('user@example.com',)
2026-01-09 10:03:29,285 - passlib.handlers.bcrypt - WARNING - (trapped) error reading bcrypt version
Traceback (most recent call last):
  File "/home/helloubuntu/.local/lib/python3.12/site-packages/passlib/handlers/bcrypt.py", line 620, in _load_backend_mixin
    version = _bcrypt.__about__.__version__
              ^^^^^^^^^^^^^^^^^
AttributeError: module 'bcrypt' has no attribute '__about__'
2026-01-09 10:03:29,322 - sqlalchemy.engine.Engine - INFO - ROLLBACK
2026-01-09 10:03:44,027 - sqlalchemy.engine.Engine - INFO - BEGIN (implicit)
2026-01-09 10:03:44,032 - sqlalchemy.engine.Engine - INFO - SELECT users.email, users.name, users.role, users.id, users.hashed_password, users.created_at, users.updated_at, users.is_verified, users.is_active 
FROM users 
WHERE users.email = $1::VARCHAR
2026-01-09 10:03:44,036 - sqlalchemy.engine.Engine - INFO - [cached since 42.37s ago] ('user@example.com',)
2026-01-09 10:03:44,262 - passlib.handlers.bcrypt - WARNING - (trapped) error reading bcrypt version
Traceback (most recent call last):
  File "/home/helloubuntu/.local/lib/python3.12/site-packages/passlib/handlers/bcrypt.py", line 620, in _load_backend_mixin
    version = _bcrypt.__about__.__version__
              ^^^^^^^^^^^^^^^^^
AttributeError: module 'bcrypt' has no attribute '__about__'
2026-01-09 10:03:44,298 - sqlalchemy.engine.Engine - INFO - ROLLBACK
2026-01-09 10:05:09,773 - main - INFO - Shutting down TaskDo API...
2026-01-09 10:05:16,680 - app.utils.logging - INFO - Logging infrastructure initialized
2026-01-09 10:05:16,781 - main - INFO - Starting up TaskDo API...
2026-01-09 10:05:17,627 - sqlalchemy.engine.Engine - INFO - select pg_catalog.version()
2026-01-09 10:05:17,631 - sqlalchemy.engine.Engine - INFO - [raw sql] ()
2026-01-09 10:05:17,969 - sqlalchemy.engine.Engine - INFO - select current_schema()
2026-01-09 10:05:17,973 - sqlalchemy.engine.Engine - INFO - [raw sql] ()
2026-01-09 10:05:18,413 - sqlalchemy.engine.Engine - INFO - show standard_conforming_strings
2026-01-09 10:05:18,417 - sqlalchemy.engine.Engine - INFO - [raw sql] ()
2026-01-09 10:05:18,825 - sqlalchemy.engine.Engine - INFO - BEGIN (implicit)
2026-01-09 10:05:18,843 - sqlalchemy.engine.Engine - INFO - SELECT pg_catalog.pg_class.relname 
FROM pg_catalog.pg_class JOIN pg_catalog.pg_namespace ON pg_catalog.pg_namespace.oid = pg_catalog.pg_class.relnamespace 
WHERE pg_catalog.pg_class.relname = $1::VARCHAR AND pg_catalog.pg_class.relkind = ANY (ARRAY[$2::VARCHAR, $3::VARCHAR, $4::VARCHAR, $5::VARCHAR, $6::VARCHAR]) AND pg_catalog.pg_table_is_visible(pg_catalog.pg_class.oid) AND pg_catalog.pg_namespace.nspname != $7::VARCHAR
2026-01-09 10:05:18,847 - sqlalchemy.engine.Engine - INFO - [generated in 0.00447s] ('users', 'r', 'p', 'f', 'v', 'm', 'pg_catalog')
2026-01-09 10:05:19,197 - sqlalchemy.engine.Engine - INFO - SELECT pg_catalog.pg_class.relname 
FROM pg_catalog.pg_class JOIN pg_catalog.pg_namespace ON pg_catalog.pg_namespace.oid = pg_catalog.pg_class.relnamespace 
WHERE pg_catalog.pg_class.relname = $1::VARCHAR AND pg_catalog.pg_class.relkind = ANY (ARRAY[$2::VARCHAR, $3::VARCHAR, $4::VARCHAR, $5::VARCHAR, $6::VARCHAR]) AND pg_catalog.pg_table_is_visible(pg_catalog.pg_class.oid) AND pg_catalog.pg_namespace.nspname != $7::VARCHAR
2026-01-09 10:05:19,201 - sqlalchemy.engine.Engine - INFO - [cached since 0.3585s ago] ('todos', 'r', 'p', 'f', 'v', 'm', 'pg_catalog')
2026-01-09 10:05:19,318 - sqlalchemy.engine.Engine - INFO - SELECT pg_catalog.pg_type.typname 
FROM pg_catalog.pg_type JOIN pg_catalog.pg_namespace ON pg_catalog.pg_namespace.oid = pg_catalog.pg_type.typnamespace 
WHERE pg_catalog.pg_type.typname = $1::VARCHAR AND pg_catalog.pg_type_is_visible(pg_catalog.pg_type.oid) AND pg_catalog.pg_namespace.nspname != $2::VARCHAR
2026-01-09 10:05:19,321 - sqlalchemy.engine.Engine - INFO - [generated in 0.00404s] ('userrole', 'pg_catalog')
2026-01-09 10:05:19,545 - sqlalchemy.engine.Engine - INFO - COMMIT
2026-01-09 10:05:19,657 - main - INFO - Database initialized
2026-01-09 10:05:45,999 - main - INFO - Shutting down TaskDo API...
2026-01-09 10:05:53,750 - app.utils.logging - INFO - Logging infrastructure initialized
2026-01-09 10:05:53,846 - main - INFO - Starting up TaskDo API...
2026-01-09 10:05:54,766 - sqlalchemy.engine.Engine - INFO - select pg_catalog.version()
2026-01-09 10:05:54,770 - sqlalchemy.engine.Engine - INFO - [raw sql] ()
2026-01-09 10:05:55,106 - sqlalchemy.engine.Engine - INFO - select current_schema()
2026-01-09 10:05:55,110 - sqlalchemy.engine.Engine - INFO - [raw sql] ()
2026-01-09 10:05:55,556 - sqlalchemy.engine.Engine - INFO - show standard_conforming_strings
2026-01-09 10:05:55,562 - sqlalchemy.engine.Engine - INFO - [raw sql] ()
2026-01-09 10:05:55,898 - sqlalchemy.engine.Engine - INFO - BEGIN (implicit)
2026-01-09 10:05:55,919 - sqlalchemy.engine.Engine - INFO - SELECT pg_catalog.pg_class.relname 
FROM pg_catalog.pg_class JOIN pg_catalog.pg_namespace ON pg_catalog.pg_namespace.oid = pg_catalog.pg_class.relnamespace 
WHERE pg_catalog.pg_class.relname = $1::VARCHAR AND pg_catalog.pg_class.relkind = ANY (ARRAY[$2::VARCHAR, $3::VARCHAR, $4::VARCHAR, $5::VARCHAR, $6::VARCHAR]) AND pg_catalog.pg_table_is_visible(pg_catalog.pg_class.oid) AND pg_catalog.pg_namespace.nspname != $7::VARCHAR
2026-01-09 10:05:55,923 - sqlalchemy.engine.Engine - INFO - [generated in 0.00459s] ('users', 'r', 'p', 'f', 'v', 'm', 'pg_catalog')
2026-01-09 10:05:56,265 - sqlalchemy.engine.Engine - INFO - SELECT pg_catalog.pg_class.relname 
FROM pg_catalog.pg_class JOIN pg_catalog.pg_namespace ON pg_catalog.pg_namespace.oid = pg_catalog.pg_class.relnamespace 
WHERE pg_catalog.pg_class.relname = $1::VARCHAR AND pg_catalog.pg_class.relkind = ANY (ARRAY[$2::VARCHAR, $3::VARCHAR, $4::VARCHAR, $5::VARCHAR, $6::VARCHAR]) AND pg_catalog.pg_table_is_visible(pg_catalog.pg_class.oid) AND pg_catalog.pg_namespace.nspname != $7::VARCHAR
2026-01-09 10:05:56,270 - sqlalchemy.engine.Engine - INFO - [cached since 0.352s ago] ('todos', 'r', 'p', 'f', 'v', 'm', 'pg_catalog')
2026-01-09 10:05:56,391 - sqlalchemy.engine.Engine - INFO - SELECT pg_catalog.pg_type.typname 
FROM pg_catalog.pg_type JOIN pg_catalog.pg_namespace ON pg_catalog.pg_namespace.oid = pg_catalog.pg_type.typnamespace 
WHERE pg_catalog.pg_type.typname = $1::VARCHAR AND pg_catalog.pg_type_is_visible(pg_catalog.pg_type.oid) AND pg_catalog.pg_namespace.nspname != $2::VARCHAR
2026-01-09 10:05:56,395 - sqlalchemy.engine.Engine - INFO - [generated in 0.00400s] ('userrole', 'pg_catalog')
2026-01-09 10:05:56,618 - sqlalchemy.engine.Engine - INFO - COMMIT
2026-01-09 10:05:56,730 - main - INFO - Database initialized
2026-01-09 10:06:22,463 - main - INFO - Shutting down TaskDo API...
2026-01-09 10:06:28,899 - app.utils.logging - INFO - Logging infrastructure initialized
2026-01-09 10:06:28,989 - main - INFO - Starting up TaskDo API...
2026-01-09 10:06:29,821 - sqlalchemy.engine.Engine - INFO - select pg_catalog.version()
2026-01-09 10:06:29,824 - sqlalchemy.engine.Engine - INFO - [raw sql] ()
2026-01-09 10:06:30,168 - sqlalchemy.engine.Engine - INFO - select current_schema()
2026-01-09 10:06:30,172 - sqlalchemy.engine.Engine - INFO - [raw sql] ()
2026-01-09 10:06:30,615 - sqlalchemy.engine.Engine - INFO - show standard_conforming_strings
2026-01-09 10:06:30,619 - sqlalchemy.engine.Engine - INFO - [raw sql] ()
2026-01-09 10:06:31,019 - sqlalchemy.engine.Engine - INFO - BEGIN (implicit)
2026-01-09 10:06:31,039 - sqlalchemy.engine.Engine - INFO - SELECT pg_catalog.pg_class.relname 
FROM pg_catalog.pg_class JOIN pg_catalog.pg_namespace ON pg_catalog.pg_namespace.oid = pg_catalog.pg_class.relnamespace 
WHERE pg_catalog.pg_class.relname = $1::VARCHAR AND pg_catalog.pg_class.relkind = ANY (ARRAY[$2::VARCHAR, $3::VARCHAR, $4::VARCHAR, $5::VARCHAR, $6::VARCHAR]) AND pg_catalog.pg_table_is_visible(pg_catalog.pg_class.oid) AND pg_catalog.pg_namespace.nspname != $7::VARCHAR
2026-01-09 10:06:31,043 - sqlalchemy.engine.Engine - INFO - [generated in 0.00476s] ('users', 'r', 'p', 'f', 'v', 'm', 'pg_catalog')
2026-01-09 10:06:31,403 - sqlalchemy.engine.Engine - INFO - SELECT pg_catalog.pg_class.relname 
FROM pg_catalog.pg_class JOIN pg_catalog.pg_namespace ON pg_catalog.pg_namespace.oid = pg_catalog.pg_class.relnamespace 
WHERE pg_catalog.pg_class.relname = $1::VARCHAR AND pg_catalog.pg_class.relkind = ANY (ARRAY[$2::VARCHAR, $3::VARCHAR, $4::VARCHAR, $5::VARCHAR, $6::VARCHAR]) AND pg_catalog.pg_table_is_visible(pg_catalog.pg_class.oid) AND pg_catalog.pg_namespace.nspname != $7::VARCHAR
2026-01-09 10:06:31,407 - sqlalchemy.engine.Engine - INFO - [cached since 0.3689s ago] ('todos', 'r', 'p', 'f', 'v', 'm', 'pg_catalog')
2026-01-09 10:06:31,856 - sqlalchemy.engine.Engine - INFO - SELECT pg_catalog.pg_type.typname 
FROM pg_catalog.pg_type JOIN pg_catalog.pg_namespace ON pg_catalog.pg_namespace.oid = pg_catalog.pg_type.typnamespace 
WHERE pg_catalog.pg_type.typname = $1::VARCHAR AND pg_catalog.pg_type_is_visible(pg_catalog.pg_type.oid) AND pg_catalog.pg_namespace.nspname != $2::VARCHAR
2026-01-09 10:06:31,860 - sqlalchemy.engine.Engine - INFO - [generated in 0.00438s] ('userrole', 'pg_catalog')
2026-01-09 10:06:32,085 - sqlalchemy.engine.Engine - INFO - COMMIT
2026-01-09 10:06:32,219 - main - INFO - Database initialized
2026-01-09 10:06:59,867 - main - INFO - Shutting down TaskDo API...
2026-01-09 10:07:07,144 - app.utils.logging - INFO - Logging infrastructure initialized
2026-01-09 10:07:07,268 - main - INFO - Starting up TaskDo API...
2026-01-09 10:07:08,197 - sqlalchemy.engine.Engine - INFO - select pg_catalog.version()
2026-01-09 10:07:08,202 - sqlalchemy.engine.Engine - INFO - [raw sql] ()
2026-01-09 10:07:08,559 - sqlalchemy.engine.Engine - INFO - select current_schema()
2026-01-09 10:07:08,565 - sqlalchemy.engine.Engine - INFO - [raw sql] ()
2026-01-09 10:07:09,015 - sqlalchemy.engine.Engine - INFO - show standard_conforming_strings
2026-01-09 10:07:09,019 - sqlalchemy.engine.Engine - INFO - [raw sql] ()
2026-01-09 10:07:09,359 - sqlalchemy.engine.Engine - INFO - BEGIN (implicit)
2026-01-09 10:07:09,394 - sqlalchemy.engine.Engine - INFO - SELECT pg_catalog.pg_class.relname 
FROM pg_catalog.pg_class JOIN pg_catalog.pg_namespace ON pg_catalog.pg_namespace.oid = pg_catalog.pg_class.relnamespace 
WHERE pg_catalog.pg_class.relname = $1::VARCHAR AND pg_catalog.pg_class.relkind = ANY (ARRAY[$2::VARCHAR, $3::VARCHAR, $4::VARCHAR, $5::VARCHAR, $6::VARCHAR]) AND pg_catalog.pg_table_is_visible(pg_catalog.pg_class.oid) AND pg_catalog.pg_namespace.nspname != $7::VARCHAR
2026-01-09 10:07:09,399 - sqlalchemy.engine.Engine - INFO - [generated in 0.00620s] ('users', 'r', 'p', 'f', 'v', 'm', 'pg_catalog')
2026-01-09 10:07:09,731 - sqlalchemy.engine.Engine - INFO - SELECT pg_catalog.pg_class.relname 
FROM pg_catalog.pg_class JOIN pg_catalog.pg_namespace ON pg_catalog.pg_namespace.oid = pg_catalog.pg_class.relnamespace 
WHERE pg_catalog.pg_class.relname = $1::VARCHAR AND pg_catalog.pg_class.relkind = ANY (ARRAY[$2::VARCHAR, $3::VARCHAR, $4::VARCHAR, $5::VARCHAR, $6::VARCHAR]) AND pg_catalog.pg_table_is_visible(pg_catalog.pg_class.oid) AND pg_catalog.pg_namespace.nspname != $7::VARCHAR
2026-01-09 10:07:09,736 - sqlalchemy.engine.Engine - INFO - [cached since 0.3428s ago] ('todos', 'r', 'p', 'f', 'v', 'm', 'pg_catalog')
2026-01-09 10:07:12,799 - sqlalchemy.engine.Engine - INFO - SELECT pg_catalog.pg_type.typname 
FROM pg_catalog.pg_type JOIN pg_catalog.pg_namespace ON pg_catalog.pg_namespace.oid = pg_catalog.pg_type.typnamespace 
WHERE pg_catalog.pg_type.typname = $1::VARCHAR AND pg_catalog.pg_type_is_visible(pg_catalog.pg_type.oid) AND pg_catalog.pg_namespace.nspname != $2::VARCHAR
2026-01-09 10:07:12,806 - sqlalchemy.engine.Engine - INFO - [generated in 0.00713s] ('userrole', 'pg_catalog')
2026-01-09 10:07:13,031 - sqlalchemy.engine.Engine - INFO - COMMIT
2026-01-09 10:07:13,152 - main - INFO - Database initialized
2026-01-09 10:08:50,107 - main - INFO - Shutting down TaskDo API...
2026-01-09 10:08:59,972 - app.utils.logging - INFO - Logging infrastructure initialized
2026-01-09 10:09:00,077 - main - INFO - Starting up TaskDo API...
2026-01-09 10:09:00,912 - sqlalchemy.engine.Engine - INFO - select pg_catalog.version()
2026-01-09 10:09:00,916 - sqlalchemy.engine.Engine - INFO - [raw sql] ()
2026-01-09 10:09:01,253 - sqlalchemy.engine.Engine - INFO - select current_schema()
2026-01-09 10:09:01,257 - sqlalchemy.engine.Engine - INFO - [raw sql] ()
2026-01-09 10:09:01,700 - sqlalchemy.engine.Engine - INFO - show standard_conforming_strings
2026-01-09 10:09:01,705 - sqlalchemy.engine.Engine - INFO - [raw sql] ()
2026-01-09 10:09:02,038 - sqlalchemy.engine.Engine - INFO - BEGIN (implicit)
2026-01-09 10:09:02,058 - sqlalchemy.engine.Engine - INFO - SELECT pg_catalog.pg_class.relname 
FROM pg_catalog.pg_class JOIN pg_catalog.pg_namespace ON pg_catalog.pg_namespace.oid = pg_catalog.pg_class.relnamespace 
WHERE pg_catalog.pg_class.relname = $1::VARCHAR AND pg_catalog.pg_class.relkind = ANY (ARRAY[$2::VARCHAR, $3::VARCHAR, $4::VARCHAR, $5::VARCHAR, $6::VARCHAR]) AND pg_catalog.pg_table_is_visible(pg_catalog.pg_class.oid) AND pg_catalog.pg_namespace.nspname != $7::VARCHAR
2026-01-09 10:09:02,062 - sqlalchemy.engine.Engine - INFO - [generated in 0.00474s] ('users', 'r', 'p', 'f', 'v', 'm', 'pg_catalog')
2026-01-09 10:09:02,393 - sqlalchemy.engine.Engine - INFO - SELECT pg_catalog.pg_class.relname 
FROM pg_catalog.pg_class JOIN pg_catalog.pg_namespace ON pg_catalog.pg_namespace.oid = pg_catalog.pg_class.relnamespace 
WHERE pg_catalog.pg_class.relname = $1::VARCHAR AND pg_catalog.pg_class.relkind = ANY (ARRAY[$2::VARCHAR, $3::VARCHAR, $4::VARCHAR, $5::VARCHAR, $6::VARCHAR]) AND pg_catalog.pg_table_is_visible(pg_catalog.pg_class.oid) AND pg_catalog.pg_namespace.nspname != $7::VARCHAR
2026-01-09 10:09:02,397 - sqlalchemy.engine.Engine - INFO - [cached since 0.3395s ago] ('todos', 'r', 'p', 'f', 'v', 'm', 'pg_catalog')
2026-01-09 10:09:02,515 - sqlalchemy.engine.Engine - INFO - SELECT pg_catalog.pg_type.typname 
FROM pg_catalog.pg_type JOIN pg_catalog.pg_namespace ON pg_catalog.pg_namespace.oid = pg_catalog.pg_type.typnamespace 
WHERE pg_catalog.pg_type.typname = $1::VARCHAR AND pg_catalog.pg_type_is_visible(pg_catalog.pg_type.oid) AND pg_catalog.pg_namespace.nspname != $2::VARCHAR
2026-01-09 10:09:02,518 - sqlalchemy.engine.Engine - INFO - [generated in 0.00410s] ('userrole', 'pg_catalog')
2026-01-09 10:09:02,740 - sqlalchemy.engine.Engine - INFO - COMMIT
2026-01-09 10:09:02,854 - main - INFO - Database initialized
2026-01-09 10:09:43,836 - sqlalchemy.engine.Engine - INFO - BEGIN (implicit)
2026-01-09 10:09:43,860 - sqlalchemy.engine.Engine - INFO - SELECT users.email, users.name, users.role, users.id, users.hashed_password, users.created_at, users.updated_at, users.is_verified, users.is_active 
FROM users 
WHERE users.email = $1::VARCHAR
2026-01-09 10:09:43,864 - sqlalchemy.engine.Engine - INFO - [generated in 0.00457s] ('user@example.com',)
2026-01-09 10:09:44,873 - passlib.handlers.bcrypt - WARNING - (trapped) error reading bcrypt version
Traceback (most recent call last):
  File "/home/helloubuntu/.local/lib/python3.12/site-packages/passlib/handlers/bcrypt.py", line 620, in _load_backend_mixin
    version = _bcrypt.__about__.__version__
              ^^^^^^^^^^^^^^^^^
AttributeError: module 'bcrypt' has no attribute '__about__'
2026-01-09 10:09:44,990 - sqlalchemy.engine.Engine - INFO - INSERT INTO users (email, name, role, id, hashed_password, created_at, updated_at, is_verified, is_active) VALUES ($1::VARCHAR, $2::VARCHAR, $3::userrole, $4::UUID, $5::VARCHAR, $6::TIMESTAMP WITHOUT TIME ZONE, $7::TIMESTAMP WITHOUT TIME ZONE, $8::BOOLEAN, $9::BOOLEAN)
2026-01-09 10:09:44,994 - sqlalchemy.engine.Engine - INFO - [generated in 0.00479s] ('user@example.com', 'jason', 'USER', UUID('7cc3cdc2-03cc-4d97-bd89-7b3c1b344b57'), '$pbkdf2-sha256$29000$GmPsHaM0ppSSco6xVqp1Lg$C3Aq8.8IcU.sqbkEZTnVvvPqBM.Ts7D2OJ0G/FeAxrg', datetime.datetime(2026, 1, 9, 5, 9, 44, 983897), None, False, True)
2026-01-09 10:09:45,227 - sqlalchemy.engine.Engine - INFO - COMMIT
2026-01-09 10:09:45,709 - sqlalchemy.engine.Engine - INFO - BEGIN (implicit)
2026-01-09 10:09:45,718 - sqlalchemy.engine.Engine - INFO - SELECT users.email, users.name, users.role, users.id, users.hashed_password, users.created_at, users.updated_at, users.is_verified, users.is_active 
FROM users 
WHERE users.id = $1::UUID
2026-01-09 10:09:45,722 - sqlalchemy.engine.Engine - INFO - [generated in 0.00427s] (UUID('7cc3cdc2-03cc-4d97-bd89-7b3c1b344b57'),)
2026-01-09 10:09:46,059 - sqlalchemy.engine.Engine - INFO - ROLLBACK
2026-01-09 10:10:49,096 - main - INFO - Shutting down TaskDo API...
2026-01-09 10:17:04,360 - app.utils.logging - INFO - Logging infrastructure initialized
2026-01-09 10:17:04,447 - main - INFO - Starting up TaskDo API...
2026-01-09 10:17:05,290 - sqlalchemy.engine.Engine - INFO - select pg_catalog.version()
2026-01-09 10:17:05,294 - sqlalchemy.engine.Engine - INFO - [raw sql] ()
2026-01-09 10:17:05,660 - sqlalchemy.engine.Engine - INFO - select current_schema()
2026-01-09 10:17:05,664 - sqlalchemy.engine.Engine - INFO - [raw sql] ()
2026-01-09 10:17:06,433 - sqlalchemy.engine.Engine - INFO - show standard_conforming_strings
2026-01-09 10:17:06,437 - sqlalchemy.engine.Engine - INFO - [raw sql] ()
2026-01-09 10:17:06,765 - sqlalchemy.engine.Engine - INFO - BEGIN (implicit)
2026-01-09 10:17:06,786 - sqlalchemy.engine.Engine - INFO - SELECT pg_catalog.pg_class.relname 
FROM pg_catalog.pg_class JOIN pg_catalog.pg_namespace ON pg_catalog.pg_namespace.oid = pg_catalog.pg_class.relnamespace 
WHERE pg_catalog.pg_class.relname = $1::VARCHAR AND pg_catalog.pg_class.relkind = ANY (ARRAY[$2::VARCHAR, $3::VARCHAR, $4::VARCHAR, $5::VARCHAR, $6::VARCHAR]) AND pg_catalog.pg_table_is_visible(pg_catalog.pg_class.oid) AND pg_catalog.pg_namespace.nspname != $7::VARCHAR
2026-01-09 10:17:06,791 - sqlalchemy.engine.Engine - INFO - [generated in 0.00552s] ('users', 'r', 'p', 'f', 'v', 'm', 'pg_catalog')
2026-01-09 10:17:07,122 - sqlalchemy.engine.Engine - INFO - SELECT pg_catalog.pg_class.relname 
FROM pg_catalog.pg_class JOIN pg_catalog.pg_namespace ON pg_catalog.pg_namespace.oid = pg_catalog.pg_class.relnamespace 
WHERE pg_catalog.pg_class.relname = $1::VARCHAR AND pg_catalog.pg_class.relkind = ANY (ARRAY[$2::VARCHAR, $3::VARCHAR, $4::VARCHAR, $5::VARCHAR, $6::VARCHAR]) AND pg_catalog.pg_table_is_visible(pg_catalog.pg_class.oid) AND pg_catalog.pg_namespace.nspname != $7::VARCHAR
2026-01-09 10:17:07,127 - sqlalchemy.engine.Engine - INFO - [cached since 0.342s ago] ('todos', 'r', 'p', 'f', 'v', 'm', 'pg_catalog')
2026-01-09 10:17:07,247 - sqlalchemy.engine.Engine - INFO - SELECT pg_catalog.pg_type.typname 
FROM pg_catalog.pg_type JOIN pg_catalog.pg_namespace ON pg_catalog.pg_namespace.oid = pg_catalog.pg_type.typnamespace 
WHERE pg_catalog.pg_type.typname = $1::VARCHAR AND pg_catalog.pg_type_is_visible(pg_catalog.pg_type.oid) AND pg_catalog.pg_namespace.nspname != $2::VARCHAR
2026-01-09 10:17:07,251 - sqlalchemy.engine.Engine - INFO - [generated in 0.00486s] ('userrole', 'pg_catalog')
2026-01-09 10:17:07,469 - sqlalchemy.engine.Engine - INFO - COMMIT
2026-01-09 10:17:07,581 - main - INFO - Database initialized
2026-01-09 10:48:58,219 - sqlalchemy.engine.Engine - INFO - BEGIN (implicit)
2026-01-09 10:48:58,228 - sqlalchemy.engine.Engine - INFO - SELECT users.email, users.name, users.role, users.id, users.hashed_password, users.created_at, users.updated_at, users.is_verified, users.is_active 
FROM users 
WHERE users.email = $1::VARCHAR
2026-01-09 10:48:58,230 - sqlalchemy.engine.Engine - INFO - [generated in 0.00198s] ('test@register.com',)
2026-01-09 10:48:59,565 - sqlalchemy.engine.Engine - INFO - ROLLBACK
2026-01-09 11:00:12,846 - sqlalchemy.engine.Engine - INFO - BEGIN (implicit)
2026-01-09 11:00:12,848 - sqlalchemy.engine.Engine - INFO - SELECT users.email, users.name, users.role, users.id, users.hashed_password, users.created_at, users.updated_at, users.is_verified, users.is_active 
FROM users 
WHERE users.email = $1::VARCHAR
2026-01-09 11:00:12,849 - sqlalchemy.engine.Engine - INFO - [cached since 627.7s ago] ('john@gmail.com',)
2026-01-09 11:00:14,159 - passlib.handlers.bcrypt - WARNING - (trapped) error reading bcrypt version
Traceback (most recent call last):
  File "/home/helloubuntu/.local/lib/python3.12/site-packages/passlib/handlers/bcrypt.py", line 620, in _load_backend_mixin
    version = _bcrypt.__about__.__version__
              ^^^^^^^^^^^^^^^^^
AttributeError: module 'bcrypt' has no attribute '__about__'
2026-01-09 11:00:14,192 - sqlalchemy.engine.Engine - INFO - INSERT INTO users (email, name, role, id, hashed_password, created_at, updated_at, is_verified, is_active) VALUES ($1::VARCHAR, $2::VARCHAR, $3::userrole, $4::UUID, $5::VARCHAR, $6::TIMESTAMP WITHOUT TIME ZONE, $7::TIMESTAMP WITHOUT TIME ZONE, $8::BOOLEAN, $9::BOOLEAN)
2026-01-09 11:00:14,193 - sqlalchemy.engine.Engine - INFO - [generated in 0.00131s] ('john@gmail.com', 'Jojo', 'USER', UUID('c0e66496-3ae9-4362-80b1-97b7c51e4e81'), '$pbkdf2-sha256$29000$rnUOIWQM4ZwzZsyZs5ZS6g$sOUQmZNsKlmHg5KMqp/JF/evaEquxOkUaV3PI7eQPu4', datetime.datetime(2026, 1, 9, 6, 0, 14, 190215), None, False, True)
2026-01-09 11:00:14,576 - sqlalchemy.engine.Engine - INFO - COMMIT
2026-01-09 11:00:15,515 - sqlalchemy.engine.Engine - INFO - BEGIN (implicit)
2026-01-09 11:00:15,517 - sqlalchemy.engine.Engine - INFO - SELECT users.email, users.name, users.role, users.id, users.hashed_password, users.created_at, users.updated_at, users.is_verified, users.is_active 
FROM users 
WHERE users.id = $1::UUID
2026-01-09 11:00:15,519 - sqlalchemy.engine.Engine - INFO - [generated in 0.00129s] (UUID('c0e66496-3ae9-4362-80b1-97b7c51e4e81'),)
2026-01-09 11:00:16,082 - sqlalchemy.engine.Engine - INFO - ROLLBACK
2026-01-09 11:00:41,347 - main - INFO - Shutting down TaskDo API...
2026-01-09 12:07:13,543 - app.utils.logging - INFO - Logging infrastructure initialized
2026-01-09 12:07:13,576 - main - INFO - Starting up TaskDo API...
2026-01-09 12:07:14,661 - sqlalchemy.engine.Engine - INFO - select pg_catalog.version()
2026-01-09 12:07:14,662 - sqlalchemy.engine.Engine - INFO - [raw sql] ()
2026-01-09 12:07:15,131 - sqlalchemy.engine.Engine - INFO - select current_schema()
2026-01-09 12:07:15,133 - sqlalchemy.engine.Engine - INFO - [raw sql] ()
2026-01-09 12:07:15,903 - sqlalchemy.engine.Engine - INFO - show standard_conforming_strings
2026-01-09 12:07:15,905 - sqlalchemy.engine.Engine - INFO - [raw sql] ()
2026-01-09 12:07:16,376 - sqlalchemy.engine.Engine - INFO - BEGIN (implicit)
2026-01-09 12:07:16,382 - sqlalchemy.engine.Engine - INFO - SELECT pg_catalog.pg_class.relname 
FROM pg_catalog.pg_class JOIN pg_catalog.pg_namespace ON pg_catalog.pg_namespace.oid = pg_catalog.pg_class.relnamespace 
WHERE pg_catalog.pg_class.relname = $1::VARCHAR AND pg_catalog.pg_class.relkind = ANY (ARRAY[$2::VARCHAR, $3::VARCHAR, $4::VARCHAR, $5::VARCHAR, $6::VARCHAR]) AND pg_catalog.pg_table_is_visible(pg_catalog.pg_class.oid) AND pg_catalog.pg_namespace.nspname != $7::VARCHAR
2026-01-09 12:07:16,393 - sqlalchemy.engine.Engine - INFO - [generated in 0.00124s] ('users', 'r', 'p', 'f', 'v', 'm', 'pg_catalog')
2026-01-09 12:07:16,777 - sqlalchemy.engine.Engine - INFO - SELECT pg_catalog.pg_class.relname 
FROM pg_catalog.pg_class JOIN pg_catalog.pg_namespace ON pg_catalog.pg_namespace.oid = pg_catalog.pg_class.relnamespace 
WHERE pg_catalog.pg_class.relname = $1::VARCHAR AND pg_catalog.pg_class.relkind = ANY (ARRAY[$2::VARCHAR, $3::VARCHAR, $4::VARCHAR, $5::VARCHAR, $6::VARCHAR]) AND pg_catalog.pg_table_is_visible(pg_catalog.pg_class.oid) AND pg_catalog.pg_namespace.nspname != $7::VARCHAR
2026-01-09 12:07:16,779 - sqlalchemy.engine.Engine - INFO - [cached since 0.3969s ago] ('todos', 'r', 'p', 'f', 'v', 'm', 'pg_catalog')
2026-01-09 12:07:16,987 - sqlalchemy.engine.Engine - INFO - SELECT pg_catalog.pg_type.typname 
FROM pg_catalog.pg_type JOIN pg_catalog.pg_namespace ON pg_catalog.pg_namespace.oid = pg_catalog.pg_type.typnamespace 
WHERE pg_catalog.pg_type.typname = $1::VARCHAR AND pg_catalog.pg_type_is_visible(pg_catalog.pg_type.oid) AND pg_catalog.pg_namespace.nspname != $2::VARCHAR
2026-01-09 12:07:16,988 - sqlalchemy.engine.Engine - INFO - [generated in 0.00134s] ('userrole', 'pg_catalog')
2026-01-09 12:07:17,200 - sqlalchemy.engine.Engine - INFO - COMMIT
2026-01-09 12:07:17,336 - main - INFO - Database initialized
2026-01-09 12:15:16,531 - sqlalchemy.engine.Engine - INFO - BEGIN (implicit)
2026-01-09 12:15:16,538 - sqlalchemy.engine.Engine - INFO - SELECT users.email, users.name, users.role, users.id, users.hashed_password, users.created_at, users.updated_at, users.is_verified, users.is_active 
FROM users 
WHERE users.email = $1::VARCHAR
2026-01-09 12:15:16,540 - sqlalchemy.engine.Engine - INFO - [generated in 0.00181s] ('kumailn62@gmail.com',)
2026-01-09 12:15:18,039 - passlib.handlers.bcrypt - WARNING - (trapped) error reading bcrypt version
Traceback (most recent call last):
  File "/home/helloubuntu/.local/lib/python3.12/site-packages/passlib/handlers/bcrypt.py", line 620, in _load_backend_mixin
    version = _bcrypt.__about__.__version__
              ^^^^^^^^^^^^^^^^^
AttributeError: module 'bcrypt' has no attribute '__about__'
2026-01-09 12:15:18,076 - sqlalchemy.engine.Engine - INFO - INSERT INTO users (email, name, role, id, hashed_password, created_at, updated_at, is_verified, is_active) VALUES ($1::VARCHAR, $2::VARCHAR, $3::userrole, $4::UUID, $5::VARCHAR, $6::TIMESTAMP WITHOUT TIME ZONE, $7::TIMESTAMP WITHOUT TIME ZONE, $8::BOOLEAN, $9::BOOLEAN)
2026-01-09 12:15:18,077 - sqlalchemy.engine.Engine - INFO - [generated in 0.00111s] ('kumailn62@gmail.com', 'Kumail', 'USER', UUID('c9568a16-4bed-49c3-b626-031a075bb04c'), '$pbkdf2-sha256$29000$NEYIASAkZMw5h3DOuTeGsA$9vE4Q.UDuYVn503W13yZRp.5ToliTM4yW6XC7EiLS1o', datetime.datetime(2026, 1, 9, 7, 15, 18, 75127), None, False, True)
2026-01-09 12:15:18,417 - sqlalchemy.engine.Engine - INFO - COMMIT
2026-01-09 12:15:19,552 - sqlalchemy.engine.Engine - INFO - BEGIN (implicit)
2026-01-09 12:15:19,555 - sqlalchemy.engine.Engine - INFO - SELECT users.email, users.name, users.role, users.id, users.hashed_password, users.created_at, users.updated_at, users.is_verified, users.is_active 
FROM users 
WHERE users.id = $1::UUID
2026-01-09 12:15:19,556 - sqlalchemy.engine.Engine - INFO - [generated in 0.00112s] (UUID('c9568a16-4bed-49c3-b626-031a075bb04c'),)
2026-01-09 12:15:20,127 - sqlalchemy.engine.Engine - INFO - ROLLBACK
2026-01-09 12:15:37,550 - sqlalchemy.engine.Engine - INFO - BEGIN (implicit)
2026-01-09 12:15:37,551 - sqlalchemy.engine.Engine - INFO - SELECT users.email, users.name, users.role, users.id, users.hashed_password, users.created_at, users.updated_at, users.is_verified, users.is_active 
FROM users 
WHERE users.email = $1::VARCHAR
2026-01-09 12:15:37,553 - sqlalchemy.engine.Engine - INFO - [cached since 18.11s ago] ('kumailn62@gmail.com',)
2026-01-09 12:15:38,610 - sqlalchemy.engine.Engine - INFO - ROLLBACK
2026-01-09 12:16:42,357 - main - INFO - Shutting down TaskDo API...
2026-01-09 12:37:12,443 - app.utils.logging - INFO - Logging infrastructure initialized
2026-01-09 12:37:12,476 - main - INFO - Starting up TaskDo API...
2026-01-09 12:37:14,797 - sqlalchemy.engine.Engine - INFO - select pg_catalog.version()
2026-01-09 12:37:14,799 - sqlalchemy.engine.Engine - INFO - [raw sql] ()
2026-01-09 12:37:15,501 - sqlalchemy.engine.Engine - INFO - select current_schema()
2026-01-09 12:37:15,502 - sqlalchemy.engine.Engine - INFO - [raw sql] ()
2026-01-09 12:37:16,221 - sqlalchemy.engine.Engine - INFO - show standard_conforming_strings
2026-01-09 12:37:16,223 - sqlalchemy.engine.Engine - INFO - [raw sql] ()
2026-01-09 12:37:16,747 - sqlalchemy.engine.Engine - INFO - BEGIN (implicit)
2026-01-09 12:37:16,753 - sqlalchemy.engine.Engine - INFO - SELECT pg_catalog.pg_class.relname 
FROM pg_catalog.pg_class JOIN pg_catalog.pg_namespace ON pg_catalog.pg_namespace.oid = pg_catalog.pg_class.relnamespace 
WHERE pg_catalog.pg_class.relname = $1::VARCHAR AND pg_catalog.pg_class.relkind = ANY (ARRAY[$2::VARCHAR, $3::VARCHAR, $4::VARCHAR, $5::VARCHAR, $6::VARCHAR]) AND pg_catalog.pg_table_is_visible(pg_catalog.pg_class.oid) AND pg_catalog.pg_namespace.nspname != $7::VARCHAR
2026-01-09 12:37:16,754 - sqlalchemy.engine.Engine - INFO - [generated in 0.00147s] ('users', 'r', 'p', 'f', 'v', 'm', 'pg_catalog')
2026-01-09 12:37:17,560 - sqlalchemy.engine.Engine - INFO - SELECT pg_catalog.pg_class.relname 
FROM pg_catalog.pg_class JOIN pg_catalog.pg_namespace ON pg_catalog.pg_namespace.oid = pg_catalog.pg_class.relnamespace 
WHERE pg_catalog.pg_class.relname = $1::VARCHAR AND pg_catalog.pg_class.relkind = ANY (ARRAY[$2::VARCHAR, $3::VARCHAR, $4::VARCHAR, $5::VARCHAR, $6::VARCHAR]) AND pg_catalog.pg_table_is_visible(pg_catalog.pg_class.oid) AND pg_catalog.pg_namespace.nspname != $7::VARCHAR
2026-01-09 12:37:17,562 - sqlalchemy.engine.Engine - INFO - [cached since 0.8087s ago] ('todos', 'r', 'p', 'f', 'v', 'm', 'pg_catalog')
2026-01-09 12:37:17,975 - sqlalchemy.engine.Engine - INFO - SELECT pg_catalog.pg_type.typname 
FROM pg_catalog.pg_type JOIN pg_catalog.pg_namespace ON pg_catalog.pg_namespace.oid = pg_catalog.pg_type.typnamespace 
WHERE pg_catalog.pg_type.typname = $1::VARCHAR AND pg_catalog.pg_type_is_visible(pg_catalog.pg_type.oid) AND pg_catalog.pg_namespace.nspname != $2::VARCHAR
2026-01-09 12:37:17,976 - sqlalchemy.engine.Engine - INFO - [generated in 0.00105s] ('userrole', 'pg_catalog')
2026-01-09 12:37:18,379 - sqlalchemy.engine.Engine - INFO - COMMIT
2026-01-09 12:37:19,409 - main - INFO - Database initialized
2026-01-09 12:39:36,862 - sqlalchemy.engine.Engine - INFO - BEGIN (implicit)
2026-01-09 12:39:36,868 - sqlalchemy.engine.Engine - INFO - SELECT users.email, users.name, users.role, users.id, users.hashed_password, users.created_at, users.updated_at, users.is_verified, users.is_active 
FROM users 
WHERE users.email = $1::VARCHAR
2026-01-09 12:39:36,870 - sqlalchemy.engine.Engine - INFO - [generated in 0.00173s] ('kumailn62@gmail.com',)
2026-01-09 12:39:41,913 - sqlalchemy.engine.Engine - INFO - ROLLBACK
2026-01-09 12:41:05,720 - main - INFO - Shutting down TaskDo API...
2026-01-09 12:41:08,202 - app.utils.logging - INFO - Logging infrastructure initialized
2026-01-09 12:41:08,235 - main - INFO - Starting up TaskDo API...
2026-01-09 12:41:09,092 - sqlalchemy.engine.Engine - INFO - select pg_catalog.version()
2026-01-09 12:41:09,093 - sqlalchemy.engine.Engine - INFO - [raw sql] ()
2026-01-09 12:41:09,420 - sqlalchemy.engine.Engine - INFO - select current_schema()
2026-01-09 12:41:09,422 - sqlalchemy.engine.Engine - INFO - [raw sql] ()
2026-01-09 12:41:09,859 - sqlalchemy.engine.Engine - INFO - show standard_conforming_strings
2026-01-09 12:41:09,861 - sqlalchemy.engine.Engine - INFO - [raw sql] ()
2026-01-09 12:41:10,237 - sqlalchemy.engine.Engine - INFO - BEGIN (implicit)
2026-01-09 12:41:10,243 - sqlalchemy.engine.Engine - INFO - SELECT pg_catalog.pg_class.relname 
FROM pg_catalog.pg_class JOIN pg_catalog.pg_namespace ON pg_catalog.pg_namespace.oid = pg_catalog.pg_class.relnamespace 
WHERE pg_catalog.pg_class.relname = $1::VARCHAR AND pg_catalog.pg_class.relkind = ANY (ARRAY[$2::VARCHAR, $3::VARCHAR, $4::VARCHAR, $5::VARCHAR, $6::VARCHAR]) AND pg_catalog.pg_table_is_visible(pg_catalog.pg_class.oid) AND pg_catalog.pg_namespace.nspname != $7::VARCHAR
2026-01-09 12:41:10,244 - sqlalchemy.engine.Engine - INFO - [generated in 0.00122s] ('users', 'r', 'p', 'f', 'v', 'm', 'pg_catalog')
2026-01-09 12:41:10,682 - sqlalchemy.engine.Engine - INFO - SELECT pg_catalog.pg_class.relname 
FROM pg_catalog.pg_class JOIN pg_catalog.pg_namespace ON pg_catalog.pg_namespace.oid = pg_catalog.pg_class.relnamespace 
WHERE pg_catalog.pg_class.relname = $1::VARCHAR AND pg_catalog.pg_class.relkind = ANY (ARRAY[$2::VARCHAR, $3::VARCHAR, $4::VARCHAR, $5::VARCHAR, $6::VARCHAR]) AND pg_catalog.pg_table_is_visible(pg_catalog.pg_class.oid) AND pg_catalog.pg_namespace.nspname != $7::VARCHAR
2026-01-09 12:41:10,683 - sqlalchemy.engine.Engine - INFO - [cached since 0.4401s ago] ('todos', 'r', 'p', 'f', 'v', 'm', 'pg_catalog')
2026-01-09 12:41:10,805 - sqlalchemy.engine.Engine - INFO - SELECT pg_catalog.pg_type.typname 
FROM pg_catalog.pg_type JOIN pg_catalog.pg_namespace ON pg_catalog.pg_namespace.oid = pg_catalog.pg_type.typnamespace 
WHERE pg_catalog.pg_type.typname = $1::VARCHAR AND pg_catalog.pg_type_is_visible(pg_catalog.pg_type.oid) AND pg_catalog.pg_namespace.nspname != $2::VARCHAR
2026-01-09 12:41:10,809 - sqlalchemy.engine.Engine - INFO - [generated in 0.00356s] ('userrole', 'pg_catalog')
2026-01-09 12:41:11,037 - sqlalchemy.engine.Engine - INFO - COMMIT
2026-01-09 12:41:11,154 - main - INFO - Database initialized
2026-01-09 12:41:15,466 - main - INFO - Shutting down TaskDo API...
2026-01-09 12:41:17,571 - app.utils.logging - INFO - Logging infrastructure initialized
2026-01-09 12:41:17,607 - main - INFO - Starting up TaskDo API...
2026-01-09 12:41:18,463 - sqlalchemy.engine.Engine - INFO - select pg_catalog.version()
2026-01-09 12:41:18,464 - sqlalchemy.engine.Engine - INFO - [raw sql] ()
2026-01-09 12:41:19,127 - sqlalchemy.engine.Engine - INFO - select current_schema()
2026-01-09 12:41:19,128 - sqlalchemy.engine.Engine - INFO - [raw sql] ()
2026-01-09 12:41:19,843 - sqlalchemy.engine.Engine - INFO - show standard_conforming_strings
2026-01-09 12:41:19,845 - sqlalchemy.engine.Engine - INFO - [raw sql] ()
2026-01-09 12:41:20,320 - sqlalchemy.engine.Engine - INFO - BEGIN (implicit)
2026-01-09 12:41:20,326 - sqlalchemy.engine.Engine - INFO - SELECT pg_catalog.pg_class.relname 
FROM pg_catalog.pg_class JOIN pg_catalog.pg_namespace ON pg_catalog.pg_namespace.oid = pg_catalog.pg_class.relnamespace 
WHERE pg_catalog.pg_class.relname = $1::VARCHAR AND pg_catalog.pg_class.relkind = ANY (ARRAY[$2::VARCHAR, $3::VARCHAR, $4::VARCHAR, $5::VARCHAR, $6::VARCHAR]) AND pg_catalog.pg_table_is_visible(pg_catalog.pg_class.oid) AND pg_catalog.pg_namespace.nspname != $7::VARCHAR
2026-01-09 12:41:20,328 - sqlalchemy.engine.Engine - INFO - [generated in 0.00261s] ('users', 'r', 'p', 'f', 'v', 'm', 'pg_catalog')
2026-01-09 12:41:20,670 - sqlalchemy.engine.Engine - INFO - SELECT pg_catalog.pg_class.relname 
FROM pg_catalog.pg_class JOIN pg_catalog.pg_namespace ON pg_catalog.pg_namespace.oid = pg_catalog.pg_class.relnamespace 
WHERE pg_catalog.pg_class.relname = $1::VARCHAR AND pg_catalog.pg_class.relkind = ANY (ARRAY[$2::VARCHAR, $3::VARCHAR, $4::VARCHAR, $5::VARCHAR, $6::VARCHAR]) AND pg_catalog.pg_table_is_visible(pg_catalog.pg_class.oid) AND pg_catalog.pg_namespace.nspname != $7::VARCHAR
2026-01-09 12:41:20,671 - sqlalchemy.engine.Engine - INFO - [cached since 0.3459s ago] ('todos', 'r', 'p', 'f', 'v', 'm', 'pg_catalog')
2026-01-09 12:41:20,787 - sqlalchemy.engine.Engine - INFO - SELECT pg_catalog.pg_type.typname 
FROM pg_catalog.pg_type JOIN pg_catalog.pg_namespace ON pg_catalog.pg_namespace.oid = pg_catalog.pg_type.typnamespace 
WHERE pg_catalog.pg_type.typname = $1::VARCHAR AND pg_catalog.pg_type_is_visible(pg_catalog.pg_type.oid) AND pg_catalog.pg_namespace.nspname != $2::VARCHAR
2026-01-09 12:41:20,788 - sqlalchemy.engine.Engine - INFO - [generated in 0.00134s] ('userrole', 'pg_catalog')
2026-01-09 12:41:21,190 - sqlalchemy.engine.Engine - INFO - COMMIT
2026-01-09 12:41:21,592 - main - INFO - Database initialized
2026-01-09 12:41:24,702 - main - INFO - Shutting down TaskDo API...
2026-01-09 12:41:26,699 - app.utils.logging - INFO - Logging infrastructure initialized
2026-01-09 12:41:26,725 - main - INFO - Starting up TaskDo API...
2026-01-09 12:41:27,509 - sqlalchemy.engine.Engine - INFO - select pg_catalog.version()
2026-01-09 12:41:27,510 - sqlalchemy.engine.Engine - INFO - [raw sql] ()
2026-01-09 12:41:27,963 - sqlalchemy.engine.Engine - INFO - select current_schema()
2026-01-09 12:41:27,964 - sqlalchemy.engine.Engine - INFO - [raw sql] ()
2026-01-09 12:41:28,719 - sqlalchemy.engine.Engine - INFO - show standard_conforming_strings
2026-01-09 12:41:28,720 - sqlalchemy.engine.Engine - INFO - [raw sql] ()
2026-01-09 12:41:29,281 - sqlalchemy.engine.Engine - INFO - BEGIN (implicit)
2026-01-09 12:41:29,286 - sqlalchemy.engine.Engine - INFO - SELECT pg_catalog.pg_class.relname 
FROM pg_catalog.pg_class JOIN pg_catalog.pg_namespace ON pg_catalog.pg_namespace.oid = pg_catalog.pg_class.relnamespace 
WHERE pg_catalog.pg_class.relname = $1::VARCHAR AND pg_catalog.pg_class.relkind = ANY (ARRAY[$2::VARCHAR, $3::VARCHAR, $4::VARCHAR, $5::VARCHAR, $6::VARCHAR]) AND pg_catalog.pg_table_is_visible(pg_catalog.pg_class.oid) AND pg_catalog.pg_namespace.nspname != $7::VARCHAR
2026-01-09 12:41:29,287 - sqlalchemy.engine.Engine - INFO - [generated in 0.00114s] ('users', 'r', 'p', 'f', 'v', 'm', 'pg_catalog')
2026-01-09 12:41:32,621 - sqlalchemy.engine.Engine - INFO - SELECT pg_catalog.pg_class.relname 
FROM pg_catalog.pg_class JOIN pg_catalog.pg_namespace ON pg_catalog.pg_namespace.oid = pg_catalog.pg_class.relnamespace 
WHERE pg_catalog.pg_class.relname = $1::VARCHAR AND pg_catalog.pg_class.relkind = ANY (ARRAY[$2::VARCHAR, $3::VARCHAR, $4::VARCHAR, $5::VARCHAR, $6::VARCHAR]) AND pg_catalog.pg_table_is_visible(pg_catalog.pg_class.oid) AND pg_catalog.pg_namespace.nspname != $7::VARCHAR
2026-01-09 12:41:32,622 - sqlalchemy.engine.Engine - INFO - [cached since 0.3944s ago] ('todos', 'r', 'p', 'f', 'v', 'm', 'pg_catalog')
2026-01-09 12:41:32,786 - sqlalchemy.engine.Engine - INFO - SELECT pg_catalog.pg_type.typname 
FROM pg_catalog.pg_type JOIN pg_catalog.pg_namespace ON pg_catalog.pg_namespace.oid = pg_catalog.pg_type.typnamespace 
WHERE pg_catalog.pg_type.typname = $1::VARCHAR AND pg_catalog.pg_type_is_visible(pg_catalog.pg_type.oid) AND pg_catalog.pg_namespace.nspname != $2::VARCHAR
2026-01-09 12:41:32,787 - sqlalchemy.engine.Engine - INFO - [generated in 0.00147s] ('userrole', 'pg_catalog')
2026-01-09 12:41:33,086 - sqlalchemy.engine.Engine - INFO - COMMIT
2026-01-09 12:41:33,194 - main - INFO - Database initialized
2026-01-09 12:41:42,515 - main - INFO - Shutting down TaskDo API...
2026-01-09 12:41:44,673 - app.utils.logging - INFO - Logging infrastructure initialized
2026-01-09 12:41:44,704 - main - INFO - Starting up TaskDo API...
2026-01-09 12:41:48,785 - sqlalchemy.engine.Engine - INFO - select pg_catalog.version()
2026-01-09 12:41:48,786 - sqlalchemy.engine.Engine - INFO - [raw sql] ()
2026-01-09 12:41:49,499 - sqlalchemy.engine.Engine - INFO - select current_schema()
2026-01-09 12:41:49,501 - sqlalchemy.engine.Engine - INFO - [raw sql] ()
2026-01-09 12:41:50,376 - sqlalchemy.engine.Engine - INFO - show standard_conforming_strings
2026-01-09 12:41:50,378 - sqlalchemy.engine.Engine - INFO - [raw sql] ()
2026-01-09 12:41:50,811 - sqlalchemy.engine.Engine - INFO - BEGIN (implicit)
2026-01-09 12:41:50,818 - sqlalchemy.engine.Engine - INFO - SELECT pg_catalog.pg_class.relname 
FROM pg_catalog.pg_class JOIN pg_catalog.pg_namespace ON pg_catalog.pg_namespace.oid = pg_catalog.pg_class.relnamespace 
WHERE pg_catalog.pg_class.relname = $1::VARCHAR AND pg_catalog.pg_class.relkind = ANY (ARRAY[$2::VARCHAR, $3::VARCHAR, $4::VARCHAR, $5::VARCHAR, $6::VARCHAR]) AND pg_catalog.pg_table_is_visible(pg_catalog.pg_class.oid) AND pg_catalog.pg_namespace.nspname != $7::VARCHAR
2026-01-09 12:41:50,820 - sqlalchemy.engine.Engine - INFO - [generated in 0.00171s] ('users', 'r', 'p', 'f', 'v', 'm', 'pg_catalog')
2026-01-09 12:41:51,339 - sqlalchemy.engine.Engine - INFO - SELECT pg_catalog.pg_class.relname 
FROM pg_catalog.pg_class JOIN pg_catalog.pg_namespace ON pg_catalog.pg_namespace.oid = pg_catalog.pg_class.relnamespace 
WHERE pg_catalog.pg_class.relname = $1::VARCHAR AND pg_catalog.pg_class.relkind = ANY (ARRAY[$2::VARCHAR, $3::VARCHAR, $4::VARCHAR, $5::VARCHAR, $6::VARCHAR]) AND pg_catalog.pg_table_is_visible(pg_catalog.pg_class.oid) AND pg_catalog.pg_namespace.nspname != $7::VARCHAR
2026-01-09 12:41:51,341 - sqlalchemy.engine.Engine - INFO - [cached since 0.5224s ago] ('todos', 'r', 'p', 'f', 'v', 'm', 'pg_catalog')
2026-01-09 12:41:51,498 - sqlalchemy.engine.Engine - INFO - SELECT pg_catalog.pg_type.typname 
FROM pg_catalog.pg_type JOIN pg_catalog.pg_namespace ON pg_catalog.pg_namespace.oid = pg_catalog.pg_type.typnamespace 
WHERE pg_catalog.pg_type.typname = $1::VARCHAR AND pg_catalog.pg_type_is_visible(pg_catalog.pg_type.oid) AND pg_catalog.pg_namespace.nspname != $2::VARCHAR
2026-01-09 12:41:51,500 - sqlalchemy.engine.Engine - INFO - [generated in 0.00170s] ('userrole', 'pg_catalog')
2026-01-09 12:41:51,866 - sqlalchemy.engine.Engine - INFO - COMMIT
2026-01-09 12:41:52,126 - main - INFO - Database initialized
2026-01-09 12:41:52,629 - main - INFO - Shutting down TaskDo API...
2026-01-09 12:41:55,220 - app.utils.logging - INFO - Logging infrastructure initialized
2026-01-09 12:41:55,255 - main - INFO - Starting up TaskDo API...
2026-01-09 12:41:55,973 - sqlalchemy.engine.Engine - INFO - select pg_catalog.version()
2026-01-09 12:41:55,976 - sqlalchemy.engine.Engine - INFO - [raw sql] ()
2026-01-09 12:41:56,434 - sqlalchemy.engine.Engine - INFO - select current_schema()
2026-01-09 12:41:56,437 - sqlalchemy.engine.Engine - INFO - [raw sql] ()
2026-01-09 12:41:57,064 - sqlalchemy.engine.Engine - INFO - show standard_conforming_strings
2026-01-09 12:41:57,066 - sqlalchemy.engine.Engine - INFO - [raw sql] ()
2026-01-09 12:41:57,459 - sqlalchemy.engine.Engine - INFO - BEGIN (implicit)
2026-01-09 12:41:57,466 - sqlalchemy.engine.Engine - INFO - SELECT pg_catalog.pg_class.relname 
FROM pg_catalog.pg_class JOIN pg_catalog.pg_namespace ON pg_catalog.pg_namespace.oid = pg_catalog.pg_class.relnamespace 
WHERE pg_catalog.pg_class.relname = $1::VARCHAR AND pg_catalog.pg_class.relkind = ANY (ARRAY[$2::VARCHAR, $3::VARCHAR, $4::VARCHAR, $5::VARCHAR, $6::VARCHAR]) AND pg_catalog.pg_table_is_visible(pg_catalog.pg_class.oid) AND pg_catalog.pg_namespace.nspname != $7::VARCHAR
2026-01-09 12:41:57,468 - sqlalchemy.engine.Engine - INFO - [generated in 0.00181s] ('users', 'r', 'p', 'f', 'v', 'm', 'pg_catalog')
2026-01-09 12:41:57,961 - sqlalchemy.engine.Engine - INFO - SELECT pg_catalog.pg_class.relname 
FROM pg_catalog.pg_class JOIN pg_catalog.pg_namespace ON pg_catalog.pg_namespace.oid = pg_catalog.pg_class.relnamespace 
WHERE pg_catalog.pg_class.relname = $1::VARCHAR AND pg_catalog.pg_class.relkind = ANY (ARRAY[$2::VARCHAR, $3::VARCHAR, $4::VARCHAR, $5::VARCHAR, $6::VARCHAR]) AND pg_catalog.pg_table_is_visible(pg_catalog.pg_class.oid) AND pg_catalog.pg_namespace.nspname != $7::VARCHAR
2026-01-09 12:41:57,966 - sqlalchemy.engine.Engine - INFO - [cached since 0.4995s ago] ('todos', 'r', 'p', 'f', 'v', 'm', 'pg_catalog')
2026-01-09 12:41:58,087 - sqlalchemy.engine.Engine - INFO - SELECT pg_catalog.pg_type.typname 
FROM pg_catalog.pg_type JOIN pg_catalog.pg_namespace ON pg_catalog.pg_namespace.oid = pg_catalog.pg_type.typnamespace 
WHERE pg_catalog.pg_type.typname = $1::VARCHAR AND pg_catalog.pg_type_is_visible(pg_catalog.pg_type.oid) AND pg_catalog.pg_namespace.nspname != $2::VARCHAR
2026-01-09 12:41:58,089 - sqlalchemy.engine.Engine - INFO - [generated in 0.00172s] ('userrole', 'pg_catalog')
2026-01-09 12:41:58,587 - sqlalchemy.engine.Engine - INFO - COMMIT
2026-01-09 12:41:58,743 - main - INFO - Database initialized
2026-01-09 12:42:15,940 - main - INFO - Shutting down TaskDo API...
2026-01-09 12:42:23,569 - app.utils.logging - INFO - Logging infrastructure initialized
2026-01-09 12:42:23,703 - main - INFO - Starting up TaskDo API...
2026-01-09 12:42:24,537 - sqlalchemy.engine.Engine - INFO - select pg_catalog.version()
2026-01-09 12:42:24,541 - sqlalchemy.engine.Engine - INFO - [raw sql] ()
2026-01-09 12:42:24,920 - sqlalchemy.engine.Engine - INFO - select current_schema()
2026-01-09 12:42:24,923 - sqlalchemy.engine.Engine - INFO - [raw sql] ()
2026-01-09 12:42:25,367 - sqlalchemy.engine.Engine - INFO - show standard_conforming_strings
2026-01-09 12:42:25,373 - sqlalchemy.engine.Engine - INFO - [raw sql] ()
2026-01-09 12:42:25,723 - sqlalchemy.engine.Engine - INFO - BEGIN (implicit)
2026-01-09 12:42:25,744 - sqlalchemy.engine.Engine - INFO - SELECT pg_catalog.pg_class.relname 
FROM pg_catalog.pg_class JOIN pg_catalog.pg_namespace ON pg_catalog.pg_namespace.oid = pg_catalog.pg_class.relnamespace 
WHERE pg_catalog.pg_class.relname = $1::VARCHAR AND pg_catalog.pg_class.relkind = ANY (ARRAY[$2::VARCHAR, $3::VARCHAR, $4::VARCHAR, $5::VARCHAR, $6::VARCHAR]) AND pg_catalog.pg_table_is_visible(pg_catalog.pg_class.oid) AND pg_catalog.pg_namespace.nspname != $7::VARCHAR
2026-01-09 12:42:25,748 - sqlalchemy.engine.Engine - INFO - [generated in 0.00483s] ('users', 'r', 'p', 'f', 'v', 'm', 'pg_catalog')
2026-01-09 12:42:26,084 - sqlalchemy.engine.Engine - INFO - SELECT pg_catalog.pg_class.relname 
FROM pg_catalog.pg_class JOIN pg_catalog.pg_namespace ON pg_catalog.pg_namespace.oid = pg_catalog.pg_class.relnamespace 
WHERE pg_catalog.pg_class.relname = $1::VARCHAR AND pg_catalog.pg_class.relkind = ANY (ARRAY[$2::VARCHAR, $3::VARCHAR, $4::VARCHAR, $5::VARCHAR, $6::VARCHAR]) AND pg_catalog.pg_table_is_visible(pg_catalog.pg_class.oid) AND pg_catalog.pg_namespace.nspname != $7::VARCHAR
2026-01-09 12:42:26,088 - sqlalchemy.engine.Engine - INFO - [cached since 0.3448s ago] ('todos', 'r', 'p', 'f', 'v', 'm', 'pg_catalog')
2026-01-09 12:42:26,209 - sqlalchemy.engine.Engine - INFO - SELECT pg_catalog.pg_type.typname 
FROM pg_catalog.pg_type JOIN pg_catalog.pg_namespace ON pg_catalog.pg_namespace.oid = pg_catalog.pg_type.typnamespace 
WHERE pg_catalog.pg_type.typname = $1::VARCHAR AND pg_catalog.pg_type_is_visible(pg_catalog.pg_type.oid) AND pg_catalog.pg_namespace.nspname != $2::VARCHAR
2026-01-09 12:42:26,214 - sqlalchemy.engine.Engine - INFO - [generated in 0.00425s] ('userrole', 'pg_catalog')
2026-01-09 12:42:26,479 - sqlalchemy.engine.Engine - INFO - COMMIT
2026-01-09 12:42:26,771 - main - INFO - Database initialized
2026-01-09 12:42:52,813 - main - INFO - Shutting down TaskDo API...
2026-01-09 12:42:59,732 - app.utils.logging - INFO - Logging infrastructure initialized
2026-01-09 12:42:59,841 - main - INFO - Starting up TaskDo API...
2026-01-09 12:43:05,861 - sqlalchemy.engine.Engine - INFO - select pg_catalog.version()
2026-01-09 12:43:05,864 - sqlalchemy.engine.Engine - INFO - [raw sql] ()
2026-01-09 12:43:06,222 - sqlalchemy.engine.Engine - INFO - select current_schema()
2026-01-09 12:43:06,226 - sqlalchemy.engine.Engine - INFO - [raw sql] ()
2026-01-09 12:43:07,325 - sqlalchemy.engine.Engine - INFO - show standard_conforming_strings
2026-01-09 12:43:07,330 - sqlalchemy.engine.Engine - INFO - [raw sql] ()
2026-01-09 12:43:08,802 - sqlalchemy.engine.Engine - INFO - BEGIN (implicit)
2026-01-09 12:43:08,832 - sqlalchemy.engine.Engine - INFO - SELECT pg_catalog.pg_class.relname 
FROM pg_catalog.pg_class JOIN pg_catalog.pg_namespace ON pg_catalog.pg_namespace.oid = pg_catalog.pg_class.relnamespace 
WHERE pg_catalog.pg_class.relname = $1::VARCHAR AND pg_catalog.pg_class.relkind = ANY (ARRAY[$2::VARCHAR, $3::VARCHAR, $4::VARCHAR, $5::VARCHAR, $6::VARCHAR]) AND pg_catalog.pg_table_is_visible(pg_catalog.pg_class.oid) AND pg_catalog.pg_namespace.nspname != $7::VARCHAR
2026-01-09 12:43:08,837 - sqlalchemy.engine.Engine - INFO - [generated in 0.00515s] ('users', 'r', 'p', 'f', 'v', 'm', 'pg_catalog')
2026-01-09 12:43:11,247 - sqlalchemy.engine.Engine - INFO - SELECT pg_catalog.pg_class.relname 
FROM pg_catalog.pg_class JOIN pg_catalog.pg_namespace ON pg_catalog.pg_namespace.oid = pg_catalog.pg_class.relnamespace 
WHERE pg_catalog.pg_class.relname = $1::VARCHAR AND pg_catalog.pg_class.relkind = ANY (ARRAY[$2::VARCHAR, $3::VARCHAR, $4::VARCHAR, $5::VARCHAR, $6::VARCHAR]) AND pg_catalog.pg_table_is_visible(pg_catalog.pg_class.oid) AND pg_catalog.pg_namespace.nspname != $7::VARCHAR
2026-01-09 12:43:11,256 - sqlalchemy.engine.Engine - INFO - [cached since 2.425s ago] ('todos', 'r', 'p', 'f', 'v', 'm', 'pg_catalog')
2026-01-09 12:43:11,996 - sqlalchemy.engine.Engine - INFO - SELECT pg_catalog.pg_type.typname 
FROM pg_catalog.pg_type JOIN pg_catalog.pg_namespace ON pg_catalog.pg_namespace.oid = pg_catalog.pg_type.typnamespace 
WHERE pg_catalog.pg_type.typname = $1::VARCHAR AND pg_catalog.pg_type_is_visible(pg_catalog.pg_type.oid) AND pg_catalog.pg_namespace.nspname != $2::VARCHAR
2026-01-09 12:43:12,000 - sqlalchemy.engine.Engine - INFO - [generated in 0.00493s] ('userrole', 'pg_catalog')
2026-01-09 12:43:12,969 - sqlalchemy.engine.Engine - INFO - COMMIT
2026-01-09 12:43:13,233 - main - INFO - Database initialized
2026-01-09 12:43:26,476 - app.utils.logging - INFO - Logging infrastructure initialized
2026-01-09 12:43:26,577 - main - INFO - Starting up TaskDo API...
2026-01-09 12:43:27,862 - sqlalchemy.engine.Engine - INFO - select pg_catalog.version()
2026-01-09 12:43:27,866 - sqlalchemy.engine.Engine - INFO - [raw sql] ()
2026-01-09 12:43:28,277 - sqlalchemy.engine.Engine - INFO - select current_schema()
2026-01-09 12:43:28,280 - sqlalchemy.engine.Engine - INFO - [raw sql] ()
2026-01-09 12:43:28,719 - sqlalchemy.engine.Engine - INFO - show standard_conforming_strings
2026-01-09 12:43:28,724 - sqlalchemy.engine.Engine - INFO - [raw sql] ()
2026-01-09 12:43:29,049 - sqlalchemy.engine.Engine - INFO - BEGIN (implicit)
2026-01-09 12:43:29,068 - sqlalchemy.engine.Engine - INFO - SELECT pg_catalog.pg_class.relname 
FROM pg_catalog.pg_class JOIN pg_catalog.pg_namespace ON pg_catalog.pg_namespace.oid = pg_catalog.pg_class.relnamespace 
WHERE pg_catalog.pg_class.relname = $1::VARCHAR AND pg_catalog.pg_class.relkind = ANY (ARRAY[$2::VARCHAR, $3::VARCHAR, $4::VARCHAR, $5::VARCHAR, $6::VARCHAR]) AND pg_catalog.pg_table_is_visible(pg_catalog.pg_class.oid) AND pg_catalog.pg_namespace.nspname != $7::VARCHAR
2026-01-09 12:43:29,071 - sqlalchemy.engine.Engine - INFO - [generated in 0.00356s] ('users', 'r', 'p', 'f', 'v', 'm', 'pg_catalog')
2026-01-09 12:43:29,412 - sqlalchemy.engine.Engine - INFO - SELECT pg_catalog.pg_class.relname 
FROM pg_catalog.pg_class JOIN pg_catalog.pg_namespace ON pg_catalog.pg_namespace.oid = pg_catalog.pg_class.relnamespace 
WHERE pg_catalog.pg_class.relname = $1::VARCHAR AND pg_catalog.pg_class.relkind = ANY (ARRAY[$2::VARCHAR, $3::VARCHAR, $4::VARCHAR, $5::VARCHAR, $6::VARCHAR]) AND pg_catalog.pg_table_is_visible(pg_catalog.pg_class.oid) AND pg_catalog.pg_namespace.nspname != $7::VARCHAR
2026-01-09 12:43:29,416 - sqlalchemy.engine.Engine - INFO - [cached since 0.3483s ago] ('todos', 'r', 'p', 'f', 'v', 'm', 'pg_catalog')
2026-01-09 12:43:29,539 - sqlalchemy.engine.Engine - INFO - SELECT pg_catalog.pg_type.typname 
FROM pg_catalog.pg_type JOIN pg_catalog.pg_namespace ON pg_catalog.pg_namespace.oid = pg_catalog.pg_type.typnamespace 
WHERE pg_catalog.pg_type.typname = $1::VARCHAR AND pg_catalog.pg_type_is_visible(pg_catalog.pg_type.oid) AND pg_catalog.pg_namespace.nspname != $2::VARCHAR
2026-01-09 12:43:29,543 - sqlalchemy.engine.Engine - INFO - [generated in 0.00444s] ('userrole', 'pg_catalog')
2026-01-09 12:43:29,840 - sqlalchemy.engine.Engine - INFO - COMMIT
2026-01-09 12:43:29,956 - main - INFO - Database initialized
2026-01-09 12:43:40,219 - sqlalchemy.engine.Engine - INFO - BEGIN (implicit)
2026-01-09 12:43:40,239 - sqlalchemy.engine.Engine - INFO - SELECT users.email, users.name, users.role, users.id, users.hashed_password, users.created_at, users.updated_at, users.is_verified, users.is_active 
FROM users 
WHERE users.email = $1::VARCHAR
2026-01-09 12:43:40,243 - sqlalchemy.engine.Engine - INFO - [generated in 0.00419s] ('test@register.com',)
2026-01-09 12:43:41,390 - sqlalchemy.engine.Engine - INFO - ROLLBACK
2026-01-09 12:44:12,563 - sqlalchemy.engine.Engine - INFO - BEGIN (implicit)
2026-01-09 12:44:12,568 - sqlalchemy.engine.Engine - INFO - SELECT users.email, users.name, users.role, users.id, users.hashed_password, users.created_at, users.updated_at, users.is_verified, users.is_active 
FROM users 
WHERE users.email = $1::VARCHAR
2026-01-09 12:44:12,571 - sqlalchemy.engine.Engine - INFO - [cached since 29.9s ago] ('kumailn62@gmail.com',)
2026-01-09 12:44:12,864 - sqlalchemy.engine.Engine - INFO - ROLLBACK
2026-01-09 12:49:24,334 - main - INFO - Shutting down TaskDo API...
2026-01-09 12:49:30,576 - app.utils.logging - INFO - Logging infrastructure initialized
2026-01-09 12:49:30,662 - main - INFO - Starting up TaskDo API...
2026-01-09 12:49:32,007 - sqlalchemy.engine.Engine - INFO - select pg_catalog.version()
2026-01-09 12:49:32,010 - sqlalchemy.engine.Engine - INFO - [raw sql] ()
2026-01-09 12:49:32,418 - sqlalchemy.engine.Engine - INFO - select current_schema()
2026-01-09 12:49:32,423 - sqlalchemy.engine.Engine - INFO - [raw sql] ()
2026-01-09 12:49:32,942 - sqlalchemy.engine.Engine - INFO - show standard_conforming_strings
2026-01-09 12:49:32,945 - sqlalchemy.engine.Engine - INFO - [raw sql] ()
2026-01-09 12:49:33,275 - sqlalchemy.engine.Engine - INFO - BEGIN (implicit)
2026-01-09 12:49:33,293 - sqlalchemy.engine.Engine - INFO - SELECT pg_catalog.pg_class.relname 
FROM pg_catalog.pg_class JOIN pg_catalog.pg_namespace ON pg_catalog.pg_namespace.oid = pg_catalog.pg_class.relnamespace 
WHERE pg_catalog.pg_class.relname = $1::VARCHAR AND pg_catalog.pg_class.relkind = ANY (ARRAY[$2::VARCHAR, $3::VARCHAR, $4::VARCHAR, $5::VARCHAR, $6::VARCHAR]) AND pg_catalog.pg_table_is_visible(pg_catalog.pg_class.oid) AND pg_catalog.pg_namespace.nspname != $7::VARCHAR
2026-01-09 12:49:33,297 - sqlalchemy.engine.Engine - INFO - [generated in 0.00400s] ('users', 'r', 'p', 'f', 'v', 'm', 'pg_catalog')
2026-01-09 12:49:33,667 - sqlalchemy.engine.Engine - INFO - SELECT pg_catalog.pg_class.relname 
FROM pg_catalog.pg_class JOIN pg_catalog.pg_namespace ON pg_catalog.pg_namespace.oid = pg_catalog.pg_class.relnamespace 
WHERE pg_catalog.pg_class.relname = $1::VARCHAR AND pg_catalog.pg_class.relkind = ANY (ARRAY[$2::VARCHAR, $3::VARCHAR, $4::VARCHAR, $5::VARCHAR, $6::VARCHAR]) AND pg_catalog.pg_table_is_visible(pg_catalog.pg_class.oid) AND pg_catalog.pg_namespace.nspname != $7::VARCHAR
2026-01-09 12:49:33,671 - sqlalchemy.engine.Engine - INFO - [cached since 0.3784s ago] ('todos', 'r', 'p', 'f', 'v', 'm', 'pg_catalog')
2026-01-09 12:49:33,789 - sqlalchemy.engine.Engine - INFO - SELECT pg_catalog.pg_type.typname 
FROM pg_catalog.pg_type JOIN pg_catalog.pg_namespace ON pg_catalog.pg_namespace.oid = pg_catalog.pg_type.typnamespace 
WHERE pg_catalog.pg_type.typname = $1::VARCHAR AND pg_catalog.pg_type_is_visible(pg_catalog.pg_type.oid) AND pg_catalog.pg_namespace.nspname != $2::VARCHAR
2026-01-09 12:49:33,793 - sqlalchemy.engine.Engine - INFO - [generated in 0.00450s] ('userrole', 'pg_catalog')
2026-01-09 12:49:34,017 - sqlalchemy.engine.Engine - INFO - COMMIT
2026-01-09 12:49:34,129 - main - INFO - Database initialized
2026-01-09 12:49:59,805 - main - INFO - Shutting down TaskDo API...
2026-01-09 12:50:08,411 - app.utils.logging - INFO - Logging infrastructure initialized
2026-01-09 12:50:08,501 - main - INFO - Starting up TaskDo API...
2026-01-09 12:50:10,708 - sqlalchemy.engine.Engine - INFO - select pg_catalog.version()
2026-01-09 12:50:10,712 - sqlalchemy.engine.Engine - INFO - [raw sql] ()
2026-01-09 12:50:11,292 - sqlalchemy.engine.Engine - INFO - select current_schema()
2026-01-09 12:50:11,296 - sqlalchemy.engine.Engine - INFO - [raw sql] ()
2026-01-09 12:50:11,839 - sqlalchemy.engine.Engine - INFO - show standard_conforming_strings
2026-01-09 12:50:11,842 - sqlalchemy.engine.Engine - INFO - [raw sql] ()
2026-01-09 12:50:12,195 - sqlalchemy.engine.Engine - INFO - BEGIN (implicit)
2026-01-09 12:50:12,219 - sqlalchemy.engine.Engine - INFO - SELECT pg_catalog.pg_class.relname 
FROM pg_catalog.pg_class JOIN pg_catalog.pg_namespace ON pg_catalog.pg_namespace.oid = pg_catalog.pg_class.relnamespace 
WHERE pg_catalog.pg_class.relname = $1::VARCHAR AND pg_catalog.pg_class.relkind = ANY (ARRAY[$2::VARCHAR, $3::VARCHAR, $4::VARCHAR, $5::VARCHAR, $6::VARCHAR]) AND pg_catalog.pg_table_is_visible(pg_catalog.pg_class.oid) AND pg_catalog.pg_namespace.nspname != $7::VARCHAR
2026-01-09 12:50:12,228 - sqlalchemy.engine.Engine - INFO - [generated in 0.00944s] ('users', 'r', 'p', 'f', 'v', 'm', 'pg_catalog')
2026-01-09 12:50:12,822 - sqlalchemy.engine.Engine - INFO - SELECT pg_catalog.pg_class.relname 
FROM pg_catalog.pg_class JOIN pg_catalog.pg_namespace ON pg_catalog.pg_namespace.oid = pg_catalog.pg_class.relnamespace 
WHERE pg_catalog.pg_class.relname = $1::VARCHAR AND pg_catalog.pg_class.relkind = ANY (ARRAY[$2::VARCHAR, $3::VARCHAR, $4::VARCHAR, $5::VARCHAR, $6::VARCHAR]) AND pg_catalog.pg_table_is_visible(pg_catalog.pg_class.oid) AND pg_catalog.pg_namespace.nspname != $7::VARCHAR
2026-01-09 12:50:12,826 - sqlalchemy.engine.Engine - INFO - [cached since 0.6076s ago] ('todos', 'r', 'p', 'f', 'v', 'm', 'pg_catalog')
2026-01-09 12:50:12,945 - sqlalchemy.engine.Engine - INFO - SELECT pg_catalog.pg_type.typname 
FROM pg_catalog.pg_type JOIN pg_catalog.pg_namespace ON pg_catalog.pg_namespace.oid = pg_catalog.pg_type.typnamespace 
WHERE pg_catalog.pg_type.typname = $1::VARCHAR AND pg_catalog.pg_type_is_visible(pg_catalog.pg_type.oid) AND pg_catalog.pg_namespace.nspname != $2::VARCHAR
2026-01-09 12:50:12,948 - sqlalchemy.engine.Engine - INFO - [generated in 0.00404s] ('userrole', 'pg_catalog')
2026-01-09 12:50:13,287 - sqlalchemy.engine.Engine - INFO - COMMIT
2026-01-09 12:50:13,433 - main - INFO - Database initialized
2026-01-09 12:51:51,908 - main - INFO - Shutting down TaskDo API...
2026-01-09 12:51:59,251 - app.utils.logging - INFO - Logging infrastructure initialized
2026-01-09 12:51:59,355 - main - INFO - Starting up TaskDo API...
2026-01-09 12:52:01,837 - sqlalchemy.engine.Engine - INFO - select pg_catalog.version()
2026-01-09 12:52:01,853 - sqlalchemy.engine.Engine - INFO - [raw sql] ()
2026-01-09 12:52:02,323 - sqlalchemy.engine.Engine - INFO - select current_schema()
2026-01-09 12:52:02,327 - sqlalchemy.engine.Engine - INFO - [raw sql] ()
2026-01-09 12:52:03,398 - sqlalchemy.engine.Engine - INFO - show standard_conforming_strings
2026-01-09 12:52:03,403 - sqlalchemy.engine.Engine - INFO - [raw sql] ()
2026-01-09 12:52:04,355 - sqlalchemy.engine.Engine - INFO - BEGIN (implicit)
2026-01-09 12:52:04,381 - sqlalchemy.engine.Engine - INFO - SELECT pg_catalog.pg_class.relname 
FROM pg_catalog.pg_class JOIN pg_catalog.pg_namespace ON pg_catalog.pg_namespace.oid = pg_catalog.pg_class.relnamespace 
WHERE pg_catalog.pg_class.relname = $1::VARCHAR AND pg_catalog.pg_class.relkind = ANY (ARRAY[$2::VARCHAR, $3::VARCHAR, $4::VARCHAR, $5::VARCHAR, $6::VARCHAR]) AND pg_catalog.pg_table_is_visible(pg_catalog.pg_class.oid) AND pg_catalog.pg_namespace.nspname != $7::VARCHAR
2026-01-09 12:52:04,385 - sqlalchemy.engine.Engine - INFO - [generated in 0.00497s] ('users', 'r', 'p', 'f', 'v', 'm', 'pg_catalog')
2026-01-09 12:52:04,744 - sqlalchemy.engine.Engine - INFO - SELECT pg_catalog.pg_class.relname 
FROM pg_catalog.pg_class JOIN pg_catalog.pg_namespace ON pg_catalog.pg_namespace.oid = pg_catalog.pg_class.relnamespace 
WHERE pg_catalog.pg_class.relname = $1::VARCHAR AND pg_catalog.pg_class.relkind = ANY (ARRAY[$2::VARCHAR, $3::VARCHAR, $4::VARCHAR, $5::VARCHAR, $6::VARCHAR]) AND pg_catalog.pg_table_is_visible(pg_catalog.pg_class.oid) AND pg_catalog.pg_namespace.nspname != $7::VARCHAR
2026-01-09 12:52:04,754 - sqlalchemy.engine.Engine - INFO - [cached since 0.3733s ago] ('todos', 'r', 'p', 'f', 'v', 'm', 'pg_catalog')
2026-01-09 12:52:04,892 - sqlalchemy.engine.Engine - INFO - SELECT pg_catalog.pg_type.typname 
FROM pg_catalog.pg_type JOIN pg_catalog.pg_namespace ON pg_catalog.pg_namespace.oid = pg_catalog.pg_type.typnamespace 
WHERE pg_catalog.pg_type.typname = $1::VARCHAR AND pg_catalog.pg_type_is_visible(pg_catalog.pg_type.oid) AND pg_catalog.pg_namespace.nspname != $2::VARCHAR
2026-01-09 12:52:04,899 - sqlalchemy.engine.Engine - INFO - [generated in 0.00722s] ('userrole', 'pg_catalog')
2026-01-09 12:52:05,741 - sqlalchemy.engine.Engine - INFO - COMMIT
2026-01-09 12:52:05,872 - main - INFO - Database initialized
2026-01-09 12:52:30,910 - main - INFO - Shutting down TaskDo API...
2026-01-09 12:52:38,945 - app.utils.logging - INFO - Logging infrastructure initialized
2026-01-09 12:52:39,046 - main - INFO - Starting up TaskDo API...
2026-01-09 12:52:41,212 - sqlalchemy.engine.Engine - INFO - select pg_catalog.version()
2026-01-09 12:52:41,216 - sqlalchemy.engine.Engine - INFO - [raw sql] ()
2026-01-09 12:52:41,671 - sqlalchemy.engine.Engine - INFO - select current_schema()
2026-01-09 12:52:41,674 - sqlalchemy.engine.Engine - INFO - [raw sql] ()
2026-01-09 12:52:42,123 - sqlalchemy.engine.Engine - INFO - show standard_conforming_strings
2026-01-09 12:52:42,127 - sqlalchemy.engine.Engine - INFO - [raw sql] ()
2026-01-09 12:52:42,540 - sqlalchemy.engine.Engine - INFO - BEGIN (implicit)
2026-01-09 12:52:42,560 - sqlalchemy.engine.Engine - INFO - SELECT pg_catalog.pg_class.relname 
FROM pg_catalog.pg_class JOIN pg_catalog.pg_namespace ON pg_catalog.pg_namespace.oid = pg_catalog.pg_class.relnamespace 
WHERE pg_catalog.pg_class.relname = $1::VARCHAR AND pg_catalog.pg_class.relkind = ANY (ARRAY[$2::VARCHAR, $3::VARCHAR, $4::VARCHAR, $5::VARCHAR, $6::VARCHAR]) AND pg_catalog.pg_table_is_visible(pg_catalog.pg_class.oid) AND pg_catalog.pg_namespace.nspname != $7::VARCHAR
2026-01-09 12:52:42,563 - sqlalchemy.engine.Engine - INFO - [generated in 0.00414s] ('users', 'r', 'p', 'f', 'v', 'm', 'pg_catalog')
2026-01-09 12:52:43,081 - sqlalchemy.engine.Engine - INFO - SELECT pg_catalog.pg_class.relname 
FROM pg_catalog.pg_class JOIN pg_catalog.pg_namespace ON pg_catalog.pg_namespace.oid = pg_catalog.pg_class.relnamespace 
WHERE pg_catalog.pg_class.relname = $1::VARCHAR AND pg_catalog.pg_class.relkind = ANY (ARRAY[$2::VARCHAR, $3::VARCHAR, $4::VARCHAR, $5::VARCHAR, $6::VARCHAR]) AND pg_catalog.pg_table_is_visible(pg_catalog.pg_class.oid) AND pg_catalog.pg_namespace.nspname != $7::VARCHAR
2026-01-09 12:52:43,085 - sqlalchemy.engine.Engine - INFO - [cached since 0.526s ago] ('todos', 'r', 'p', 'f', 'v', 'm', 'pg_catalog')
2026-01-09 12:52:43,394 - sqlalchemy.engine.Engine - INFO - SELECT pg_catalog.pg_type.typname 
FROM pg_catalog.pg_type JOIN pg_catalog.pg_namespace ON pg_catalog.pg_namespace.oid = pg_catalog.pg_type.typnamespace 
WHERE pg_catalog.pg_type.typname = $1::VARCHAR AND pg_catalog.pg_type_is_visible(pg_catalog.pg_type.oid) AND pg_catalog.pg_namespace.nspname != $2::VARCHAR
2026-01-09 12:52:43,404 - sqlalchemy.engine.Engine - INFO - [generated in 0.01009s] ('userrole', 'pg_catalog')
2026-01-09 12:52:44,145 - sqlalchemy.engine.Engine - INFO - COMMIT
2026-01-09 12:52:44,337 - main - INFO - Database initialized
2026-01-09 12:53:07,529 - main - INFO - Shutting down TaskDo API...
2026-01-09 12:53:15,179 - app.utils.logging - INFO - Logging infrastructure initialized
2026-01-09 12:53:15,307 - main - INFO - Starting up TaskDo API...
2026-01-09 12:53:16,767 - sqlalchemy.engine.Engine - INFO - select pg_catalog.version()
2026-01-09 12:53:16,771 - sqlalchemy.engine.Engine - INFO - [raw sql] ()
2026-01-09 12:53:18,113 - sqlalchemy.engine.Engine - INFO - select current_schema()
2026-01-09 12:53:18,117 - sqlalchemy.engine.Engine - INFO - [raw sql] ()
2026-01-09 12:53:19,347 - sqlalchemy.engine.Engine - INFO - show standard_conforming_strings
2026-01-09 12:53:19,351 - sqlalchemy.engine.Engine - INFO - [raw sql] ()
2026-01-09 12:53:19,839 - sqlalchemy.engine.Engine - INFO - BEGIN (implicit)
2026-01-09 12:53:19,858 - sqlalchemy.engine.Engine - INFO - SELECT pg_catalog.pg_class.relname 
FROM pg_catalog.pg_class JOIN pg_catalog.pg_namespace ON pg_catalog.pg_namespace.oid = pg_catalog.pg_class.relnamespace 
WHERE pg_catalog.pg_class.relname = $1::VARCHAR AND pg_catalog.pg_class.relkind = ANY (ARRAY[$2::VARCHAR, $3::VARCHAR, $4::VARCHAR, $5::VARCHAR, $6::VARCHAR]) AND pg_catalog.pg_table_is_visible(pg_catalog.pg_class.oid) AND pg_catalog.pg_namespace.nspname != $7::VARCHAR
2026-01-09 12:53:19,862 - sqlalchemy.engine.Engine - INFO - [generated in 0.00448s] ('users', 'r', 'p', 'f', 'v', 'm', 'pg_catalog')
2026-01-09 12:53:20,600 - sqlalchemy.engine.Engine - INFO - SELECT pg_catalog.pg_class.relname 
FROM pg_catalog.pg_class JOIN pg_catalog.pg_namespace ON pg_catalog.pg_namespace.oid = pg_catalog.pg_class.relnamespace 
WHERE pg_catalog.pg_class.relname = $1::VARCHAR AND pg_catalog.pg_class.relkind = ANY (ARRAY[$2::VARCHAR, $3::VARCHAR, $4::VARCHAR, $5::VARCHAR, $6::VARCHAR]) AND pg_catalog.pg_table_is_visible(pg_catalog.pg_class.oid) AND pg_catalog.pg_namespace.nspname != $7::VARCHAR
2026-01-09 12:53:20,604 - sqlalchemy.engine.Engine - INFO - [cached since 0.747s ago] ('todos', 'r', 'p', 'f', 'v', 'm', 'pg_catalog')
2026-01-09 12:53:20,813 - sqlalchemy.engine.Engine - INFO - SELECT pg_catalog.pg_type.typname 
FROM pg_catalog.pg_type JOIN pg_catalog.pg_namespace ON pg_catalog.pg_namespace.oid = pg_catalog.pg_type.typnamespace 
WHERE pg_catalog.pg_type.typname = $1::VARCHAR AND pg_catalog.pg_type_is_visible(pg_catalog.pg_type.oid) AND pg_catalog.pg_namespace.nspname != $2::VARCHAR
2026-01-09 12:53:20,817 - sqlalchemy.engine.Engine - INFO - [generated in 0.00408s] ('userrole', 'pg_catalog')
2026-01-09 12:53:21,396 - sqlalchemy.engine.Engine - INFO - COMMIT
2026-01-09 12:53:21,555 - main - INFO - Database initialized
2026-01-09 12:53:44,261 - main - INFO - Shutting down TaskDo API...
2026-01-09 12:53:51,084 - app.utils.logging - INFO - Logging infrastructure initialized
2026-01-09 12:53:51,170 - main - INFO - Starting up TaskDo API...
2026-01-09 12:53:53,019 - sqlalchemy.engine.Engine - INFO - select pg_catalog.version()
2026-01-09 12:53:53,023 - sqlalchemy.engine.Engine - INFO - [raw sql] ()
2026-01-09 12:53:53,483 - sqlalchemy.engine.Engine - INFO - select current_schema()
2026-01-09 12:53:53,487 - sqlalchemy.engine.Engine - INFO - [raw sql] ()
2026-01-09 12:53:54,353 - sqlalchemy.engine.Engine - INFO - show standard_conforming_strings
2026-01-09 12:53:54,357 - sqlalchemy.engine.Engine - INFO - [raw sql] ()
2026-01-09 12:53:55,049 - sqlalchemy.engine.Engine - INFO - BEGIN (implicit)
2026-01-09 12:53:55,066 - sqlalchemy.engine.Engine - INFO - SELECT pg_catalog.pg_class.relname 
FROM pg_catalog.pg_class JOIN pg_catalog.pg_namespace ON pg_catalog.pg_namespace.oid = pg_catalog.pg_class.relnamespace 
WHERE pg_catalog.pg_class.relname = $1::VARCHAR AND pg_catalog.pg_class.relkind = ANY (ARRAY[$2::VARCHAR, $3::VARCHAR, $4::VARCHAR, $5::VARCHAR, $6::VARCHAR]) AND pg_catalog.pg_table_is_visible(pg_catalog.pg_class.oid) AND pg_catalog.pg_namespace.nspname != $7::VARCHAR
2026-01-09 12:53:55,070 - sqlalchemy.engine.Engine - INFO - [generated in 0.00409s] ('users', 'r', 'p', 'f', 'v', 'm', 'pg_catalog')
2026-01-09 12:53:55,505 - sqlalchemy.engine.Engine - INFO - SELECT pg_catalog.pg_class.relname 
FROM pg_catalog.pg_class JOIN pg_catalog.pg_namespace ON pg_catalog.pg_namespace.oid = pg_catalog.pg_class.relnamespace 
WHERE pg_catalog.pg_class.relname = $1::VARCHAR AND pg_catalog.pg_class.relkind = ANY (ARRAY[$2::VARCHAR, $3::VARCHAR, $4::VARCHAR, $5::VARCHAR, $6::VARCHAR]) AND pg_catalog.pg_table_is_visible(pg_catalog.pg_class.oid) AND pg_catalog.pg_namespace.nspname != $7::VARCHAR
2026-01-09 12:53:55,512 - sqlalchemy.engine.Engine - INFO - [cached since 0.4459s ago] ('todos', 'r', 'p', 'f', 'v', 'm', 'pg_catalog')
2026-01-09 12:53:55,646 - sqlalchemy.engine.Engine - INFO - SELECT pg_catalog.pg_type.typname 
FROM pg_catalog.pg_type JOIN pg_catalog.pg_namespace ON pg_catalog.pg_namespace.oid = pg_catalog.pg_type.typnamespace 
WHERE pg_catalog.pg_type.typname = $1::VARCHAR AND pg_catalog.pg_type_is_visible(pg_catalog.pg_type.oid) AND pg_catalog.pg_namespace.nspname != $2::VARCHAR
2026-01-09 12:53:55,651 - sqlalchemy.engine.Engine - INFO - [generated in 0.00493s] ('userrole', 'pg_catalog')
2026-01-09 12:53:55,959 - sqlalchemy.engine.Engine - INFO - COMMIT
2026-01-09 12:53:56,098 - main - INFO - Database initialized
2026-01-09 13:08:41,346 - main - INFO - Shutting down TaskDo API...
2026-01-09 13:08:48,713 - app.utils.logging - INFO - Logging infrastructure initialized
2026-01-09 13:08:48,829 - main - INFO - Starting up TaskDo API...
2026-01-09 13:08:50,916 - sqlalchemy.engine.Engine - INFO - select pg_catalog.version()
2026-01-09 13:08:50,921 - sqlalchemy.engine.Engine - INFO - [raw sql] ()
2026-01-09 13:08:52,128 - sqlalchemy.engine.Engine - INFO - select current_schema()
2026-01-09 13:08:52,131 - sqlalchemy.engine.Engine - INFO - [raw sql] ()
2026-01-09 13:08:53,385 - sqlalchemy.engine.Engine - INFO - show standard_conforming_strings
2026-01-09 13:08:53,391 - sqlalchemy.engine.Engine - INFO - [raw sql] ()
2026-01-09 13:08:54,162 - sqlalchemy.engine.Engine - INFO - BEGIN (implicit)
2026-01-09 13:08:54,183 - sqlalchemy.engine.Engine - INFO - SELECT pg_catalog.pg_class.relname 
FROM pg_catalog.pg_class JOIN pg_catalog.pg_namespace ON pg_catalog.pg_namespace.oid = pg_catalog.pg_class.relnamespace 
WHERE pg_catalog.pg_class.relname = $1::VARCHAR AND pg_catalog.pg_class.relkind = ANY (ARRAY[$2::VARCHAR, $3::VARCHAR, $4::VARCHAR, $5::VARCHAR, $6::VARCHAR]) AND pg_catalog.pg_table_is_visible(pg_catalog.pg_class.oid) AND pg_catalog.pg_namespace.nspname != $7::VARCHAR
2026-01-09 13:08:54,187 - sqlalchemy.engine.Engine - INFO - [generated in 0.00513s] ('users', 'r', 'p', 'f', 'v', 'm', 'pg_catalog')
2026-01-09 13:08:54,929 - sqlalchemy.engine.Engine - INFO - SELECT pg_catalog.pg_class.relname 
FROM pg_catalog.pg_class JOIN pg_catalog.pg_namespace ON pg_catalog.pg_namespace.oid = pg_catalog.pg_class.relnamespace 
WHERE pg_catalog.pg_class.relname = $1::VARCHAR AND pg_catalog.pg_class.relkind = ANY (ARRAY[$2::VARCHAR, $3::VARCHAR, $4::VARCHAR, $5::VARCHAR, $6::VARCHAR]) AND pg_catalog.pg_table_is_visible(pg_catalog.pg_class.oid) AND pg_catalog.pg_namespace.nspname != $7::VARCHAR
2026-01-09 13:08:54,934 - sqlalchemy.engine.Engine - INFO - [cached since 0.7525s ago] ('todos', 'r', 'p', 'f', 'v', 'm', 'pg_catalog')
2026-01-09 13:08:55,057 - sqlalchemy.engine.Engine - INFO - SELECT pg_catalog.pg_type.typname 
FROM pg_catalog.pg_type JOIN pg_catalog.pg_namespace ON pg_catalog.pg_namespace.oid = pg_catalog.pg_type.typnamespace 
WHERE pg_catalog.pg_type.typname = $1::VARCHAR AND pg_catalog.pg_type_is_visible(pg_catalog.pg_type.oid) AND pg_catalog.pg_namespace.nspname != $2::VARCHAR
2026-01-09 13:08:55,060 - sqlalchemy.engine.Engine - INFO - [generated in 0.00387s] ('userrole', 'pg_catalog')
2026-01-09 13:08:56,122 - sqlalchemy.engine.Engine - INFO - COMMIT
2026-01-09 13:08:56,491 - main - INFO - Database initialized
2026-01-09 13:09:19,418 - main - INFO - Shutting down TaskDo API...
2026-01-09 13:09:28,564 - app.utils.logging - INFO - Logging infrastructure initialized
2026-01-09 13:09:28,672 - main - INFO - Starting up TaskDo API...
2026-01-09 13:09:30,606 - sqlalchemy.engine.Engine - INFO - select pg_catalog.version()
2026-01-09 13:09:30,611 - sqlalchemy.engine.Engine - INFO - [raw sql] ()
2026-01-09 13:09:32,213 - sqlalchemy.engine.Engine - INFO - select current_schema()
2026-01-09 13:09:32,218 - sqlalchemy.engine.Engine - INFO - [raw sql] ()
2026-01-09 13:09:33,240 - sqlalchemy.engine.Engine - INFO - show standard_conforming_strings
2026-01-09 13:09:33,244 - sqlalchemy.engine.Engine - INFO - [raw sql] ()
2026-01-09 13:09:34,332 - sqlalchemy.engine.Engine - INFO - BEGIN (implicit)
2026-01-09 13:09:34,349 - sqlalchemy.engine.Engine - INFO - SELECT pg_catalog.pg_class.relname 
FROM pg_catalog.pg_class JOIN pg_catalog.pg_namespace ON pg_catalog.pg_namespace.oid = pg_catalog.pg_class.relnamespace 
WHERE pg_catalog.pg_class.relname = $1::VARCHAR AND pg_catalog.pg_class.relkind = ANY (ARRAY[$2::VARCHAR, $3::VARCHAR, $4::VARCHAR, $5::VARCHAR, $6::VARCHAR]) AND pg_catalog.pg_table_is_visible(pg_catalog.pg_class.oid) AND pg_catalog.pg_namespace.nspname != $7::VARCHAR
2026-01-09 13:09:34,353 - sqlalchemy.engine.Engine - INFO - [generated in 0.00452s] ('users', 'r', 'p', 'f', 'v', 'm', 'pg_catalog')
2026-01-09 13:09:35,678 - sqlalchemy.engine.Engine - INFO - SELECT pg_catalog.pg_class.relname 
FROM pg_catalog.pg_class JOIN pg_catalog.pg_namespace ON pg_catalog.pg_namespace.oid = pg_catalog.pg_class.relnamespace 
WHERE pg_catalog.pg_class.relname = $1::VARCHAR AND pg_catalog.pg_class.relkind = ANY (ARRAY[$2::VARCHAR, $3::VARCHAR, $4::VARCHAR, $5::VARCHAR, $6::VARCHAR]) AND pg_catalog.pg_table_is_visible(pg_catalog.pg_class.oid) AND pg_catalog.pg_namespace.nspname != $7::VARCHAR
2026-01-09 13:09:35,682 - sqlalchemy.engine.Engine - INFO - [cached since 1.334s ago] ('todos', 'r', 'p', 'f', 'v', 'm', 'pg_catalog')
2026-01-09 13:09:35,872 - sqlalchemy.engine.Engine - INFO - SELECT pg_catalog.pg_type.typname 
FROM pg_catalog.pg_type JOIN pg_catalog.pg_namespace ON pg_catalog.pg_namespace.oid = pg_catalog.pg_type.typnamespace 
WHERE pg_catalog.pg_type.typname = $1::VARCHAR AND pg_catalog.pg_type_is_visible(pg_catalog.pg_type.oid) AND pg_catalog.pg_namespace.nspname != $2::VARCHAR
2026-01-09 13:09:35,876 - sqlalchemy.engine.Engine - INFO - [generated in 0.00455s] ('userrole', 'pg_catalog')
2026-01-09 13:09:36,228 - sqlalchemy.engine.Engine - INFO - COMMIT
2026-01-09 13:09:36,356 - main - INFO - Database initialized
2026-01-09 13:09:54,135 - main - INFO - Shutting down TaskDo API...
2026-01-09 13:10:01,774 - app.utils.logging - INFO - Logging infrastructure initialized
2026-01-09 13:10:01,876 - main - INFO - Starting up TaskDo API...
2026-01-09 13:10:08,141 - sqlalchemy.engine.Engine - INFO - select pg_catalog.version()
2026-01-09 13:10:08,146 - sqlalchemy.engine.Engine - INFO - [raw sql] ()
2026-01-09 13:10:08,575 - sqlalchemy.engine.Engine - INFO - select current_schema()
2026-01-09 13:10:08,579 - sqlalchemy.engine.Engine - INFO - [raw sql] ()
2026-01-09 13:10:09,103 - sqlalchemy.engine.Engine - INFO - show standard_conforming_strings
2026-01-09 13:10:09,107 - sqlalchemy.engine.Engine - INFO - [raw sql] ()
2026-01-09 13:10:09,801 - sqlalchemy.engine.Engine - INFO - BEGIN (implicit)
2026-01-09 13:10:09,821 - sqlalchemy.engine.Engine - INFO - SELECT pg_catalog.pg_class.relname 
FROM pg_catalog.pg_class JOIN pg_catalog.pg_namespace ON pg_catalog.pg_namespace.oid = pg_catalog.pg_class.relnamespace 
WHERE pg_catalog.pg_class.relname = $1::VARCHAR AND pg_catalog.pg_class.relkind = ANY (ARRAY[$2::VARCHAR, $3::VARCHAR, $4::VARCHAR, $5::VARCHAR, $6::VARCHAR]) AND pg_catalog.pg_table_is_visible(pg_catalog.pg_class.oid) AND pg_catalog.pg_namespace.nspname != $7::VARCHAR
2026-01-09 13:10:09,825 - sqlalchemy.engine.Engine - INFO - [generated in 0.00437s] ('users', 'r', 'p', 'f', 'v', 'm', 'pg_catalog')
2026-01-09 13:10:10,602 - sqlalchemy.engine.Engine - INFO - SELECT pg_catalog.pg_class.relname 
FROM pg_catalog.pg_class JOIN pg_catalog.pg_namespace ON pg_catalog.pg_namespace.oid = pg_catalog.pg_class.relnamespace 
WHERE pg_catalog.pg_class.relname = $1::VARCHAR AND pg_catalog.pg_class.relkind = ANY (ARRAY[$2::VARCHAR, $3::VARCHAR, $4::VARCHAR, $5::VARCHAR, $6::VARCHAR]) AND pg_catalog.pg_table_is_visible(pg_catalog.pg_class.oid) AND pg_catalog.pg_namespace.nspname != $7::VARCHAR
2026-01-09 13:10:10,606 - sqlalchemy.engine.Engine - INFO - [cached since 0.7856s ago] ('todos', 'r', 'p', 'f', 'v', 'm', 'pg_catalog')
2026-01-09 13:10:10,758 - sqlalchemy.engine.Engine - INFO - SELECT pg_catalog.pg_type.typname 
FROM pg_catalog.pg_type JOIN pg_catalog.pg_namespace ON pg_catalog.pg_namespace.oid = pg_catalog.pg_type.typnamespace 
WHERE pg_catalog.pg_type.typname = $1::VARCHAR AND pg_catalog.pg_type_is_visible(pg_catalog.pg_type.oid) AND pg_catalog.pg_namespace.nspname != $2::VARCHAR
2026-01-09 13:10:10,766 - sqlalchemy.engine.Engine - INFO - [generated in 0.00517s] ('userrole', 'pg_catalog')
2026-01-09 13:10:11,058 - sqlalchemy.engine.Engine - INFO - COMMIT
2026-01-09 13:10:11,231 - main - INFO - Database initialized
2026-01-09 13:11:52,479 - main - INFO - Shutting down TaskDo API...
2026-01-09 13:12:00,161 - app.utils.logging - INFO - Logging infrastructure initialized
2026-01-09 13:12:00,255 - main - INFO - Starting up TaskDo API...
2026-01-09 13:12:01,371 - sqlalchemy.engine.Engine - INFO - select pg_catalog.version()
2026-01-09 13:12:01,375 - sqlalchemy.engine.Engine - INFO - [raw sql] ()
2026-01-09 13:12:01,753 - sqlalchemy.engine.Engine - INFO - select current_schema()
2026-01-09 13:12:01,756 - sqlalchemy.engine.Engine - INFO - [raw sql] ()
2026-01-09 13:12:02,240 - sqlalchemy.engine.Engine - INFO - show standard_conforming_strings
2026-01-09 13:12:02,244 - sqlalchemy.engine.Engine - INFO - [raw sql] ()
2026-01-09 13:12:02,718 - sqlalchemy.engine.Engine - INFO - BEGIN (implicit)
2026-01-09 13:12:02,739 - sqlalchemy.engine.Engine - INFO - SELECT pg_catalog.pg_class.relname 
FROM pg_catalog.pg_class JOIN pg_catalog.pg_namespace ON pg_catalog.pg_namespace.oid = pg_catalog.pg_class.relnamespace 
WHERE pg_catalog.pg_class.relname = $1::VARCHAR AND pg_catalog.pg_class.relkind = ANY (ARRAY[$2::VARCHAR, $3::VARCHAR, $4::VARCHAR, $5::VARCHAR, $6::VARCHAR]) AND pg_catalog.pg_table_is_visible(pg_catalog.pg_class.oid) AND pg_catalog.pg_namespace.nspname != $7::VARCHAR
2026-01-09 13:12:02,743 - sqlalchemy.engine.Engine - INFO - [generated in 0.00391s] ('users', 'r', 'p', 'f', 'v', 'm', 'pg_catalog')
2026-01-09 13:12:03,243 - sqlalchemy.engine.Engine - INFO - SELECT pg_catalog.pg_class.relname 
FROM pg_catalog.pg_class JOIN pg_catalog.pg_namespace ON pg_catalog.pg_namespace.oid = pg_catalog.pg_class.relnamespace 
WHERE pg_catalog.pg_class.relname = $1::VARCHAR AND pg_catalog.pg_class.relkind = ANY (ARRAY[$2::VARCHAR, $3::VARCHAR, $4::VARCHAR, $5::VARCHAR, $6::VARCHAR]) AND pg_catalog.pg_table_is_visible(pg_catalog.pg_class.oid) AND pg_catalog.pg_namespace.nspname != $7::VARCHAR
2026-01-09 13:12:03,247 - sqlalchemy.engine.Engine - INFO - [cached since 0.5079s ago] ('todos', 'r', 'p', 'f', 'v', 'm', 'pg_catalog')
2026-01-09 13:12:03,469 - sqlalchemy.engine.Engine - INFO - SELECT pg_catalog.pg_type.typname 
FROM pg_catalog.pg_type JOIN pg_catalog.pg_namespace ON pg_catalog.pg_namespace.oid = pg_catalog.pg_type.typnamespace 
WHERE pg_catalog.pg_type.typname = $1::VARCHAR AND pg_catalog.pg_type_is_visible(pg_catalog.pg_type.oid) AND pg_catalog.pg_namespace.nspname != $2::VARCHAR
2026-01-09 13:12:03,472 - sqlalchemy.engine.Engine - INFO - [generated in 0.00388s] ('userrole', 'pg_catalog')
2026-01-09 13:12:03,885 - sqlalchemy.engine.Engine - INFO - COMMIT
2026-01-09 13:12:04,040 - main - INFO - Database initialized
2026-01-09 13:13:43,615 - main - INFO - Shutting down TaskDo API...
2026-01-09 13:13:54,337 - app.utils.logging - INFO - Logging infrastructure initialized
2026-01-09 13:13:54,456 - main - INFO - Starting up TaskDo API...
2026-01-09 13:13:55,386 - sqlalchemy.engine.Engine - INFO - select pg_catalog.version()
2026-01-09 13:13:55,390 - sqlalchemy.engine.Engine - INFO - [raw sql] ()
2026-01-09 13:13:55,763 - sqlalchemy.engine.Engine - INFO - select current_schema()
2026-01-09 13:13:55,769 - sqlalchemy.engine.Engine - INFO - [raw sql] ()
2026-01-09 13:13:56,268 - sqlalchemy.engine.Engine - INFO - show standard_conforming_strings
2026-01-09 13:13:56,272 - sqlalchemy.engine.Engine - INFO - [raw sql] ()
2026-01-09 13:13:56,708 - sqlalchemy.engine.Engine - INFO - BEGIN (implicit)
2026-01-09 13:13:56,727 - sqlalchemy.engine.Engine - INFO - SELECT pg_catalog.pg_class.relname 
FROM pg_catalog.pg_class JOIN pg_catalog.pg_namespace ON pg_catalog.pg_namespace.oid = pg_catalog.pg_class.relnamespace 
WHERE pg_catalog.pg_class.relname = $1::VARCHAR AND pg_catalog.pg_class.relkind = ANY (ARRAY[$2::VARCHAR, $3::VARCHAR, $4::VARCHAR, $5::VARCHAR, $6::VARCHAR]) AND pg_catalog.pg_table_is_visible(pg_catalog.pg_class.oid) AND pg_catalog.pg_namespace.nspname != $7::VARCHAR
2026-01-09 13:13:56,732 - sqlalchemy.engine.Engine - INFO - [generated in 0.00520s] ('users', 'r', 'p', 'f', 'v', 'm', 'pg_catalog')
2026-01-09 13:13:57,107 - sqlalchemy.engine.Engine - INFO - SELECT pg_catalog.pg_class.relname 
FROM pg_catalog.pg_class JOIN pg_catalog.pg_namespace ON pg_catalog.pg_namespace.oid = pg_catalog.pg_class.relnamespace 
WHERE pg_catalog.pg_class.relname = $1::VARCHAR AND pg_catalog.pg_class.relkind = ANY (ARRAY[$2::VARCHAR, $3::VARCHAR, $4::VARCHAR, $5::VARCHAR, $6::VARCHAR]) AND pg_catalog.pg_table_is_visible(pg_catalog.pg_class.oid) AND pg_catalog.pg_namespace.nspname != $7::VARCHAR
2026-01-09 13:13:57,111 - sqlalchemy.engine.Engine - INFO - [cached since 0.3849s ago] ('todos', 'r', 'p', 'f', 'v', 'm', 'pg_catalog')
2026-01-09 13:13:57,248 - sqlalchemy.engine.Engine - INFO - SELECT pg_catalog.pg_type.typname 
FROM pg_catalog.pg_type JOIN pg_catalog.pg_namespace ON pg_catalog.pg_namespace.oid = pg_catalog.pg_type.typnamespace 
WHERE pg_catalog.pg_type.typname = $1::VARCHAR AND pg_catalog.pg_type_is_visible(pg_catalog.pg_type.oid) AND pg_catalog.pg_namespace.nspname != $2::VARCHAR
2026-01-09 13:13:57,252 - sqlalchemy.engine.Engine - INFO - [generated in 0.00442s] ('userrole', 'pg_catalog')
2026-01-09 13:13:57,694 - sqlalchemy.engine.Engine - INFO - COMMIT
2026-01-09 13:13:57,825 - main - INFO - Database initialized
2026-01-09 13:14:22,355 - main - INFO - Shutting down TaskDo API...
2026-01-09 13:14:31,342 - app.utils.logging - INFO - Logging infrastructure initialized
2026-01-09 13:14:31,440 - main - INFO - Starting up TaskDo API...
2026-01-09 13:14:32,296 - sqlalchemy.engine.Engine - INFO - select pg_catalog.version()
2026-01-09 13:14:32,300 - sqlalchemy.engine.Engine - INFO - [raw sql] ()
2026-01-09 13:14:32,654 - sqlalchemy.engine.Engine - INFO - select current_schema()
2026-01-09 13:14:32,658 - sqlalchemy.engine.Engine - INFO - [raw sql] ()
2026-01-09 13:14:33,104 - sqlalchemy.engine.Engine - INFO - show standard_conforming_strings
2026-01-09 13:14:33,109 - sqlalchemy.engine.Engine - INFO - [raw sql] ()
2026-01-09 13:14:33,458 - sqlalchemy.engine.Engine - INFO - BEGIN (implicit)
2026-01-09 13:14:33,476 - sqlalchemy.engine.Engine - INFO - SELECT pg_catalog.pg_class.relname 
FROM pg_catalog.pg_class JOIN pg_catalog.pg_namespace ON pg_catalog.pg_namespace.oid = pg_catalog.pg_class.relnamespace 
WHERE pg_catalog.pg_class.relname = $1::VARCHAR AND pg_catalog.pg_class.relkind = ANY (ARRAY[$2::VARCHAR, $3::VARCHAR, $4::VARCHAR, $5::VARCHAR, $6::VARCHAR]) AND pg_catalog.pg_table_is_visible(pg_catalog.pg_class.oid) AND pg_catalog.pg_namespace.nspname != $7::VARCHAR
2026-01-09 13:14:33,480 - sqlalchemy.engine.Engine - INFO - [generated in 0.00405s] ('users', 'r', 'p', 'f', 'v', 'm', 'pg_catalog')
2026-01-09 13:14:33,862 - sqlalchemy.engine.Engine - INFO - SELECT pg_catalog.pg_class.relname 
FROM pg_catalog.pg_class JOIN pg_catalog.pg_namespace ON pg_catalog.pg_namespace.oid = pg_catalog.pg_class.relnamespace 
WHERE pg_catalog.pg_class.relname = $1::VARCHAR AND pg_catalog.pg_class.relkind = ANY (ARRAY[$2::VARCHAR, $3::VARCHAR, $4::VARCHAR, $5::VARCHAR, $6::VARCHAR]) AND pg_catalog.pg_table_is_visible(pg_catalog.pg_class.oid) AND pg_catalog.pg_namespace.nspname != $7::VARCHAR
2026-01-09 13:14:33,866 - sqlalchemy.engine.Engine - INFO - [cached since 0.3903s ago] ('todos', 'r', 'p', 'f', 'v', 'm', 'pg_catalog')
2026-01-09 13:14:34,074 - sqlalchemy.engine.Engine - INFO - SELECT pg_catalog.pg_type.typname 
FROM pg_catalog.pg_type JOIN pg_catalog.pg_namespace ON pg_catalog.pg_namespace.oid = pg_catalog.pg_type.typnamespace 
WHERE pg_catalog.pg_type.typname = $1::VARCHAR AND pg_catalog.pg_type_is_visible(pg_catalog.pg_type.oid) AND pg_catalog.pg_namespace.nspname != $2::VARCHAR
2026-01-09 13:14:34,078 - sqlalchemy.engine.Engine - INFO - [generated in 0.00382s] ('userrole', 'pg_catalog')
2026-01-09 13:14:34,405 - sqlalchemy.engine.Engine - INFO - COMMIT
2026-01-09 13:14:34,520 - main - INFO - Database initialized
2026-01-09 15:20:07,393 - app.utils.logging - INFO - Logging infrastructure initialized
2026-01-09 15:20:07,451 - main - INFO - Starting up TaskDo API...
2026-01-09 15:20:09,136 - sqlalchemy.engine.Engine - INFO - select pg_catalog.version()
2026-01-09 15:20:09,138 - sqlalchemy.engine.Engine - INFO - [raw sql] ()
2026-01-09 15:20:09,621 - sqlalchemy.engine.Engine - INFO - select current_schema()
2026-01-09 15:20:09,623 - sqlalchemy.engine.Engine - INFO - [raw sql] ()
2026-01-09 15:20:10,359 - sqlalchemy.engine.Engine - INFO - show standard_conforming_strings
2026-01-09 15:20:10,365 - sqlalchemy.engine.Engine - INFO - [raw sql] ()
2026-01-09 15:20:10,926 - sqlalchemy.engine.Engine - INFO - BEGIN (implicit)
2026-01-09 15:20:10,937 - sqlalchemy.engine.Engine - INFO - SELECT pg_catalog.pg_class.relname 
FROM pg_catalog.pg_class JOIN pg_catalog.pg_namespace ON pg_catalog.pg_namespace.oid = pg_catalog.pg_class.relnamespace 
WHERE pg_catalog.pg_class.relname = $1::VARCHAR AND pg_catalog.pg_class.relkind = ANY (ARRAY[$2::VARCHAR, $3::VARCHAR, $4::VARCHAR, $5::VARCHAR, $6::VARCHAR]) AND pg_catalog.pg_table_is_visible(pg_catalog.pg_class.oid) AND pg_catalog.pg_namespace.nspname != $7::VARCHAR
2026-01-09 15:20:10,939 - sqlalchemy.engine.Engine - INFO - [generated in 0.00271s] ('users', 'r', 'p', 'f', 'v', 'm', 'pg_catalog')
2026-01-09 15:20:11,313 - sqlalchemy.engine.Engine - INFO - SELECT pg_catalog.pg_class.relname 
FROM pg_catalog.pg_class JOIN pg_catalog.pg_namespace ON pg_catalog.pg_namespace.oid = pg_catalog.pg_class.relnamespace 
WHERE pg_catalog.pg_class.relname = $1::VARCHAR AND pg_catalog.pg_class.relkind = ANY (ARRAY[$2::VARCHAR, $3::VARCHAR, $4::VARCHAR, $5::VARCHAR, $6::VARCHAR]) AND pg_catalog.pg_table_is_visible(pg_catalog.pg_class.oid) AND pg_catalog.pg_namespace.nspname != $7::VARCHAR
2026-01-09 15:20:11,315 - sqlalchemy.engine.Engine - INFO - [cached since 0.3791s ago] ('todos', 'r', 'p', 'f', 'v', 'm', 'pg_catalog')
2026-01-09 15:20:11,429 - sqlalchemy.engine.Engine - INFO - SELECT pg_catalog.pg_type.typname 
FROM pg_catalog.pg_type JOIN pg_catalog.pg_namespace ON pg_catalog.pg_namespace.oid = pg_catalog.pg_type.typnamespace 
WHERE pg_catalog.pg_type.typname = $1::VARCHAR AND pg_catalog.pg_type_is_visible(pg_catalog.pg_type.oid) AND pg_catalog.pg_namespace.nspname != $2::VARCHAR
2026-01-09 15:20:11,434 - sqlalchemy.engine.Engine - INFO - [generated in 0.00511s] ('userrole', 'pg_catalog')
2026-01-09 15:20:11,774 - sqlalchemy.engine.Engine - INFO - COMMIT
2026-01-09 15:20:11,892 - main - INFO - Database initialized
2026-01-09 15:30:06,701 - sqlalchemy.engine.Engine - INFO - BEGIN (implicit)
2026-01-09 15:30:06,707 - sqlalchemy.engine.Engine - INFO - SELECT users.email, users.name, users.role, users.id, users.hashed_password, users.created_at, users.updated_at, users.is_verified, users.is_active 
FROM users 
WHERE users.email = $1::VARCHAR
2026-01-09 15:30:06,708 - sqlalchemy.engine.Engine - INFO - [generated in 0.00117s] ('kumailn62@gmail.com',)
2026-01-09 15:30:08,922 - sqlalchemy.engine.Engine - INFO - ROLLBACK
2026-01-09 15:30:55,579 - sqlalchemy.engine.Engine - INFO - BEGIN (implicit)
2026-01-09 15:30:55,583 - sqlalchemy.engine.Engine - INFO - SELECT users.email, users.name, users.role, users.id, users.hashed_password, users.created_at, users.updated_at, users.is_verified, users.is_active 
FROM users 
WHERE users.email = $1::VARCHAR
2026-01-09 15:30:55,587 - sqlalchemy.engine.Engine - INFO - [cached since 45.96s ago] ('kumailn62@gmail.com',)
2026-01-09 15:30:56,049 - sqlalchemy.engine.Engine - INFO - ROLLBACK
2026-01-09 18:01:40,176 - app.utils.logging - INFO - Logging infrastructure initialized
2026-01-09 18:01:40,233 - main - INFO - Starting up TaskDo API...
2026-01-09 18:01:42,584 - sqlalchemy.engine.Engine - INFO - select pg_catalog.version()
2026-01-09 18:01:42,585 - sqlalchemy.engine.Engine - INFO - [raw sql] ()
2026-01-09 18:01:43,078 - sqlalchemy.engine.Engine - INFO - select current_schema()
2026-01-09 18:01:43,079 - sqlalchemy.engine.Engine - INFO - [raw sql] ()
2026-01-09 18:01:43,912 - sqlalchemy.engine.Engine - INFO - show standard_conforming_strings
2026-01-09 18:01:43,913 - sqlalchemy.engine.Engine - INFO - [raw sql] ()
2026-01-09 18:01:44,381 - sqlalchemy.engine.Engine - INFO - BEGIN (implicit)
2026-01-09 18:01:44,392 - sqlalchemy.engine.Engine - INFO - SELECT pg_catalog.pg_class.relname 
FROM pg_catalog.pg_class JOIN pg_catalog.pg_namespace ON pg_catalog.pg_namespace.oid = pg_catalog.pg_class.relnamespace 
WHERE pg_catalog.pg_class.relname = $1::VARCHAR AND pg_catalog.pg_class.relkind = ANY (ARRAY[$2::VARCHAR, $3::VARCHAR, $4::VARCHAR, $5::VARCHAR, $6::VARCHAR]) AND pg_catalog.pg_table_is_visible(pg_catalog.pg_class.oid) AND pg_catalog.pg_namespace.nspname != $7::VARCHAR
2026-01-09 18:01:44,405 - sqlalchemy.engine.Engine - INFO - [generated in 0.00454s] ('users', 'r', 'p', 'f', 'v', 'm', 'pg_catalog')
2026-01-09 18:01:44,812 - sqlalchemy.engine.Engine - INFO - SELECT pg_catalog.pg_class.relname 
FROM pg_catalog.pg_class JOIN pg_catalog.pg_namespace ON pg_catalog.pg_namespace.oid = pg_catalog.pg_class.relnamespace 
WHERE pg_catalog.pg_class.relname = $1::VARCHAR AND pg_catalog.pg_class.relkind = ANY (ARRAY[$2::VARCHAR, $3::VARCHAR, $4::VARCHAR, $5::VARCHAR, $6::VARCHAR]) AND pg_catalog.pg_table_is_visible(pg_catalog.pg_class.oid) AND pg_catalog.pg_namespace.nspname != $7::VARCHAR
2026-01-09 18:01:44,813 - sqlalchemy.engine.Engine - INFO - [cached since 0.4214s ago] ('todos', 'r', 'p', 'f', 'v', 'm', 'pg_catalog')
2026-01-09 18:01:44,930 - sqlalchemy.engine.Engine - INFO - SELECT pg_catalog.pg_type.typname 
FROM pg_catalog.pg_type JOIN pg_catalog.pg_namespace ON pg_catalog.pg_namespace.oid = pg_catalog.pg_type.typnamespace 
WHERE pg_catalog.pg_type.typname = $1::VARCHAR AND pg_catalog.pg_type_is_visible(pg_catalog.pg_type.oid) AND pg_catalog.pg_namespace.nspname != $2::VARCHAR
2026-01-09 18:01:44,932 - sqlalchemy.engine.Engine - INFO - [generated in 0.00179s] ('userrole', 'pg_catalog')
2026-01-09 18:01:45,228 - sqlalchemy.engine.Engine - INFO - COMMIT
2026-01-09 18:01:45,417 - main - INFO - Database initialized
2026-01-09 18:27:50,791 - app.utils.logging - INFO - Logging infrastructure initialized
2026-01-09 18:27:50,919 - main - INFO - Starting up TaskDo API...
2026-01-09 18:27:52,422 - sqlalchemy.engine.Engine - INFO - select pg_catalog.version()
2026-01-09 18:27:52,426 - sqlalchemy.engine.Engine - INFO - [raw sql] ()
2026-01-09 18:27:52,787 - sqlalchemy.engine.Engine - INFO - select current_schema()
2026-01-09 18:27:52,791 - sqlalchemy.engine.Engine - INFO - [raw sql] ()
2026-01-09 18:27:53,254 - sqlalchemy.engine.Engine - INFO - show standard_conforming_strings
2026-01-09 18:27:53,258 - sqlalchemy.engine.Engine - INFO - [raw sql] ()
2026-01-09 18:27:53,624 - sqlalchemy.engine.Engine - INFO - BEGIN (implicit)
2026-01-09 18:27:53,642 - sqlalchemy.engine.Engine - INFO - SELECT pg_catalog.pg_class.relname 
FROM pg_catalog.pg_class JOIN pg_catalog.pg_namespace ON pg_catalog.pg_namespace.oid = pg_catalog.pg_class.relnamespace 
WHERE pg_catalog.pg_class.relname = $1::VARCHAR AND pg_catalog.pg_class.relkind = ANY (ARRAY[$2::VARCHAR, $3::VARCHAR, $4::VARCHAR, $5::VARCHAR, $6::VARCHAR]) AND pg_catalog.pg_table_is_visible(pg_catalog.pg_class.oid) AND pg_catalog.pg_namespace.nspname != $7::VARCHAR
2026-01-09 18:27:53,646 - sqlalchemy.engine.Engine - INFO - [generated in 0.00446s] ('users', 'r', 'p', 'f', 'v', 'm', 'pg_catalog')
2026-01-09 18:27:54,088 - sqlalchemy.engine.Engine - INFO - SELECT pg_catalog.pg_class.relname 
FROM pg_catalog.pg_class JOIN pg_catalog.pg_namespace ON pg_catalog.pg_namespace.oid = pg_catalog.pg_class.relnamespace 
WHERE pg_catalog.pg_class.relname = $1::VARCHAR AND pg_catalog.pg_class.relkind = ANY (ARRAY[$2::VARCHAR, $3::VARCHAR, $4::VARCHAR, $5::VARCHAR, $6::VARCHAR]) AND pg_catalog.pg_table_is_visible(pg_catalog.pg_class.oid) AND pg_catalog.pg_namespace.nspname != $7::VARCHAR
2026-01-09 18:27:54,093 - sqlalchemy.engine.Engine - INFO - [cached since 0.4511s ago] ('todos', 'r', 'p', 'f', 'v', 'm', 'pg_catalog')
2026-01-09 18:27:54,212 - sqlalchemy.engine.Engine - INFO - SELECT pg_catalog.pg_type.typname 
FROM pg_catalog.pg_type JOIN pg_catalog.pg_namespace ON pg_catalog.pg_namespace.oid = pg_catalog.pg_type.typnamespace 
WHERE pg_catalog.pg_type.typname = $1::VARCHAR AND pg_catalog.pg_type_is_visible(pg_catalog.pg_type.oid) AND pg_catalog.pg_namespace.nspname != $2::VARCHAR
2026-01-09 18:27:54,216 - sqlalchemy.engine.Engine - INFO - [generated in 0.00430s] ('userrole', 'pg_catalog')
2026-01-09 18:27:54,489 - sqlalchemy.engine.Engine - INFO - COMMIT
2026-01-09 18:27:54,603 - main - INFO - Database initialized
2026-01-09 18:29:22,260 - sqlalchemy.engine.Engine - INFO - BEGIN (implicit)
2026-01-09 18:29:22,280 - sqlalchemy.engine.Engine - INFO - SELECT users.email, users.name, users.role, users.id, users.hashed_password, users.created_at, users.updated_at, users.is_verified, users.is_active 
FROM users 
WHERE users.email = $1::VARCHAR
2026-01-09 18:29:22,284 - sqlalchemy.engine.Engine - INFO - [generated in 0.00494s] ('kumailn62@gmail.com',)
2026-01-09 18:29:24,413 - sqlalchemy.engine.Engine - INFO - ROLLBACK
2026-01-09 18:33:00,158 - main - INFO - Shutting down TaskDo API...
2026-01-09 18:33:10,399 - app.utils.logging - INFO - Logging infrastructure initialized
2026-01-09 18:33:10,538 - main - INFO - Starting up TaskDo API...
2026-01-09 18:33:11,682 - sqlalchemy.engine.Engine - INFO - select pg_catalog.version()
2026-01-09 18:33:11,685 - sqlalchemy.engine.Engine - INFO - [raw sql] ()
2026-01-09 18:33:12,069 - sqlalchemy.engine.Engine - INFO - select current_schema()
2026-01-09 18:33:12,073 - sqlalchemy.engine.Engine - INFO - [raw sql] ()
2026-01-09 18:33:12,568 - sqlalchemy.engine.Engine - INFO - show standard_conforming_strings
2026-01-09 18:33:12,573 - sqlalchemy.engine.Engine - INFO - [raw sql] ()
2026-01-09 18:33:12,926 - sqlalchemy.engine.Engine - INFO - BEGIN (implicit)
2026-01-09 18:33:12,944 - sqlalchemy.engine.Engine - INFO - SELECT pg_catalog.pg_class.relname 
FROM pg_catalog.pg_class JOIN pg_catalog.pg_namespace ON pg_catalog.pg_namespace.oid = pg_catalog.pg_class.relnamespace 
WHERE pg_catalog.pg_class.relname = $1::VARCHAR AND pg_catalog.pg_class.relkind = ANY (ARRAY[$2::VARCHAR, $3::VARCHAR, $4::VARCHAR, $5::VARCHAR, $6::VARCHAR]) AND pg_catalog.pg_table_is_visible(pg_catalog.pg_class.oid) AND pg_catalog.pg_namespace.nspname != $7::VARCHAR
2026-01-09 18:33:12,949 - sqlalchemy.engine.Engine - INFO - [generated in 0.00512s] ('users', 'r', 'p', 'f', 'v', 'm', 'pg_catalog')
2026-01-09 18:33:13,291 - sqlalchemy.engine.Engine - INFO - SELECT pg_catalog.pg_class.relname 
FROM pg_catalog.pg_class JOIN pg_catalog.pg_namespace ON pg_catalog.pg_namespace.oid = pg_catalog.pg_class.relnamespace 
WHERE pg_catalog.pg_class.relname = $1::VARCHAR AND pg_catalog.pg_class.relkind = ANY (ARRAY[$2::VARCHAR, $3::VARCHAR, $4::VARCHAR, $5::VARCHAR, $6::VARCHAR]) AND pg_catalog.pg_table_is_visible(pg_catalog.pg_class.oid) AND pg_catalog.pg_namespace.nspname != $7::VARCHAR
2026-01-09 18:33:13,295 - sqlalchemy.engine.Engine - INFO - [cached since 0.3515s ago] ('todos', 'r', 'p', 'f', 'v', 'm', 'pg_catalog')
2026-01-09 18:33:13,762 - sqlalchemy.engine.Engine - INFO - SELECT pg_catalog.pg_type.typname 
FROM pg_catalog.pg_type JOIN pg_catalog.pg_namespace ON pg_catalog.pg_namespace.oid = pg_catalog.pg_type.typnamespace 
WHERE pg_catalog.pg_type.typname = $1::VARCHAR AND pg_catalog.pg_type_is_visible(pg_catalog.pg_type.oid) AND pg_catalog.pg_namespace.nspname != $2::VARCHAR
2026-01-09 18:33:13,767 - sqlalchemy.engine.Engine - INFO - [generated in 0.00476s] ('userrole', 'pg_catalog')
2026-01-09 18:33:14,022 - sqlalchemy.engine.Engine - INFO - COMMIT
2026-01-09 18:33:14,146 - main - INFO - Database initialized
2026-01-09 18:33:24,805 - main - INFO - Shutting down TaskDo API...
2026-01-09 18:33:31,995 - app.utils.logging - INFO - Logging infrastructure initialized
2026-01-09 18:33:32,118 - main - INFO - Starting up TaskDo API...
2026-01-09 18:33:32,979 - sqlalchemy.engine.Engine - INFO - select pg_catalog.version()
2026-01-09 18:33:32,983 - sqlalchemy.engine.Engine - INFO - [raw sql] ()
2026-01-09 18:33:33,352 - sqlalchemy.engine.Engine - INFO - select current_schema()
2026-01-09 18:33:33,356 - sqlalchemy.engine.Engine - INFO - [raw sql] ()
2026-01-09 18:33:33,807 - sqlalchemy.engine.Engine - INFO - show standard_conforming_strings
2026-01-09 18:33:33,810 - sqlalchemy.engine.Engine - INFO - [raw sql] ()
2026-01-09 18:33:34,187 - sqlalchemy.engine.Engine - INFO - BEGIN (implicit)
2026-01-09 18:33:34,207 - sqlalchemy.engine.Engine - INFO - SELECT pg_catalog.pg_class.relname 
FROM pg_catalog.pg_class JOIN pg_catalog.pg_namespace ON pg_catalog.pg_namespace.oid = pg_catalog.pg_class.relnamespace 
WHERE pg_catalog.pg_class.relname = $1::VARCHAR AND pg_catalog.pg_class.relkind = ANY (ARRAY[$2::VARCHAR, $3::VARCHAR, $4::VARCHAR, $5::VARCHAR, $6::VARCHAR]) AND pg_catalog.pg_table_is_visible(pg_catalog.pg_class.oid) AND pg_catalog.pg_namespace.nspname != $7::VARCHAR
2026-01-09 18:33:34,211 - sqlalchemy.engine.Engine - INFO - [generated in 0.00452s] ('users', 'r', 'p', 'f', 'v', 'm', 'pg_catalog')
2026-01-09 18:33:34,702 - sqlalchemy.engine.Engine - INFO - SELECT pg_catalog.pg_class.relname 
FROM pg_catalog.pg_class JOIN pg_catalog.pg_namespace ON pg_catalog.pg_namespace.oid = pg_catalog.pg_class.relnamespace 
WHERE pg_catalog.pg_class.relname = $1::VARCHAR AND pg_catalog.pg_class.relkind = ANY (ARRAY[$2::VARCHAR, $3::VARCHAR, $4::VARCHAR, $5::VARCHAR, $6::VARCHAR]) AND pg_catalog.pg_table_is_visible(pg_catalog.pg_class.oid) AND pg_catalog.pg_namespace.nspname != $7::VARCHAR
2026-01-09 18:33:34,707 - sqlalchemy.engine.Engine - INFO - [cached since 0.5004s ago] ('todos', 'r', 'p', 'f', 'v', 'm', 'pg_catalog')
2026-01-09 18:33:34,893 - sqlalchemy.engine.Engine - INFO - SELECT pg_catalog.pg_type.typname 
FROM pg_catalog.pg_type JOIN pg_catalog.pg_namespace ON pg_catalog.pg_namespace.oid = pg_catalog.pg_type.typnamespace 
WHERE pg_catalog.pg_type.typname = $1::VARCHAR AND pg_catalog.pg_type_is_visible(pg_catalog.pg_type.oid) AND pg_catalog.pg_namespace.nspname != $2::VARCHAR
2026-01-09 18:33:34,897 - sqlalchemy.engine.Engine - INFO - [generated in 0.00418s] ('userrole', 'pg_catalog')
2026-01-09 18:33:35,142 - sqlalchemy.engine.Engine - INFO - COMMIT
2026-01-09 18:33:35,658 - main - INFO - Database initialized
2026-01-09 18:53:22,380 - app.utils.logging - INFO - Logging infrastructure initialized
2026-01-09 18:53:22,511 - main - INFO - Starting up TaskDo API...
2026-01-09 18:53:23,926 - sqlalchemy.engine.Engine - INFO - select pg_catalog.version()
2026-01-09 18:53:23,930 - sqlalchemy.engine.Engine - INFO - [raw sql] ()
2026-01-09 18:53:24,370 - sqlalchemy.engine.Engine - INFO - select current_schema()
2026-01-09 18:53:24,374 - sqlalchemy.engine.Engine - INFO - [raw sql] ()
2026-01-09 18:53:24,915 - sqlalchemy.engine.Engine - INFO - show standard_conforming_strings
2026-01-09 18:53:24,919 - sqlalchemy.engine.Engine - INFO - [raw sql] ()
2026-01-09 18:53:25,262 - sqlalchemy.engine.Engine - INFO - BEGIN (implicit)
2026-01-09 18:53:25,280 - sqlalchemy.engine.Engine - INFO - SELECT pg_catalog.pg_class.relname 
FROM pg_catalog.pg_class JOIN pg_catalog.pg_namespace ON pg_catalog.pg_namespace.oid = pg_catalog.pg_class.relnamespace 
WHERE pg_catalog.pg_class.relname = $1::VARCHAR AND pg_catalog.pg_class.relkind = ANY (ARRAY[$2::VARCHAR, $3::VARCHAR, $4::VARCHAR, $5::VARCHAR, $6::VARCHAR]) AND pg_catalog.pg_table_is_visible(pg_catalog.pg_class.oid) AND pg_catalog.pg_namespace.nspname != $7::VARCHAR
2026-01-09 18:53:25,292 - sqlalchemy.engine.Engine - INFO - [generated in 0.00456s] ('users', 'r', 'p', 'f', 'v', 'm', 'pg_catalog')
2026-01-09 18:53:25,674 - sqlalchemy.engine.Engine - INFO - SELECT pg_catalog.pg_class.relname 
FROM pg_catalog.pg_class JOIN pg_catalog.pg_namespace ON pg_catalog.pg_namespace.oid = pg_catalog.pg_class.relnamespace 
WHERE pg_catalog.pg_class.relname = $1::VARCHAR AND pg_catalog.pg_class.relkind = ANY (ARRAY[$2::VARCHAR, $3::VARCHAR, $4::VARCHAR, $5::VARCHAR, $6::VARCHAR]) AND pg_catalog.pg_table_is_visible(pg_catalog.pg_class.oid) AND pg_catalog.pg_namespace.nspname != $7::VARCHAR
2026-01-09 18:53:25,678 - sqlalchemy.engine.Engine - INFO - [cached since 0.3984s ago] ('todos', 'r', 'p', 'f', 'v', 'm', 'pg_catalog')
2026-01-09 18:53:25,804 - sqlalchemy.engine.Engine - INFO - SELECT pg_catalog.pg_type.typname 
FROM pg_catalog.pg_type JOIN pg_catalog.pg_namespace ON pg_catalog.pg_namespace.oid = pg_catalog.pg_type.typnamespace 
WHERE pg_catalog.pg_type.typname = $1::VARCHAR AND pg_catalog.pg_type_is_visible(pg_catalog.pg_type.oid) AND pg_catalog.pg_namespace.nspname != $2::VARCHAR
2026-01-09 18:53:25,808 - sqlalchemy.engine.Engine - INFO - [generated in 0.00426s] ('userrole', 'pg_catalog')
2026-01-09 18:53:26,046 - sqlalchemy.engine.Engine - INFO - COMMIT
2026-01-09 18:53:26,170 - main - INFO - Database initialized
2026-01-09 18:58:47,591 - sqlalchemy.engine.Engine - INFO - BEGIN (implicit)
2026-01-09 18:58:47,611 - sqlalchemy.engine.Engine - INFO - SELECT users.email, users.name, users.role, users.id, users.hashed_password, users.created_at, users.updated_at, users.is_verified, users.is_active 
FROM users 
WHERE users.email = $1::VARCHAR
2026-01-09 18:58:47,615 - sqlalchemy.engine.Engine - INFO - [generated in 0.00441s] ('kumailn62@gmail.com',)
2026-01-09 18:58:48,832 - sqlalchemy.engine.Engine - INFO - ROLLBACK
2026-01-09 18:58:52,140 - sqlalchemy.engine.Engine - INFO - BEGIN (implicit)
2026-01-09 18:58:52,147 - sqlalchemy.engine.Engine - INFO - SELECT users.email, users.name, users.role, users.id, users.hashed_password, users.created_at, users.updated_at, users.is_verified, users.is_active 
FROM users 
WHERE users.id = $1::UUID
2026-01-09 18:58:52,151 - sqlalchemy.engine.Engine - INFO - [generated in 0.00430s] ('c9568a16-4bed-49c3-b626-031a075bb04c',)
2026-01-09 18:58:52,498 - sqlalchemy.engine.Engine - INFO - SELECT todos.id, todos.created_at, todos.updated_at, todos.title, todos.description, todos.completed, todos.user_id 
FROM todos 
WHERE todos.user_id = $1::UUID ORDER BY todos.created_at DESC 
 LIMIT $2::INTEGER OFFSET $3::INTEGER
2026-01-09 18:58:52,502 - sqlalchemy.engine.Engine - INFO - [generated in 0.00380s] (UUID('c9568a16-4bed-49c3-b626-031a075bb04c'), 100, 0)
2026-01-09 18:58:55,676 - sqlalchemy.engine.Engine - INFO - ROLLBACK
2026-01-09 18:58:56,289 - sqlalchemy.engine.Engine - INFO - BEGIN (implicit)
2026-01-09 18:58:56,294 - sqlalchemy.engine.Engine - INFO - SELECT users.email, users.name, users.role, users.id, users.hashed_password, users.created_at, users.updated_at, users.is_verified, users.is_active 
FROM users 
WHERE users.id = $1::UUID
2026-01-09 18:58:56,299 - sqlalchemy.engine.Engine - INFO - [cached since 1.218s ago] ('c9568a16-4bed-49c3-b626-031a075bb04c',)
2026-01-09 18:58:56,526 - sqlalchemy.engine.Engine - INFO - SELECT todos.id, todos.created_at, todos.updated_at, todos.title, todos.description, todos.completed, todos.user_id 
FROM todos 
WHERE todos.user_id = $1::UUID ORDER BY todos.created_at DESC 
 LIMIT $2::INTEGER OFFSET $3::INTEGER
2026-01-09 18:58:56,530 - sqlalchemy.engine.Engine - INFO - [cached since 1.098s ago] (UUID('c9568a16-4bed-49c3-b626-031a075bb04c'), 100, 0)
2026-01-09 18:58:56,757 - sqlalchemy.engine.Engine - INFO - ROLLBACK
2026-01-09 18:58:57,282 - sqlalchemy.engine.Engine - INFO - BEGIN (implicit)
2026-01-09 18:58:57,286 - sqlalchemy.engine.Engine - INFO - SELECT users.email, users.name, users.role, users.id, users.hashed_password, users.created_at, users.updated_at, users.is_verified, users.is_active 
FROM users 
WHERE users.id = $1::UUID
2026-01-09 18:58:57,290 - sqlalchemy.engine.Engine - INFO - [cached since 2.21s ago] ('c9568a16-4bed-49c3-b626-031a075bb04c',)
2026-01-09 18:58:57,517 - sqlalchemy.engine.Engine - INFO - SELECT todos.id, todos.created_at, todos.updated_at, todos.title, todos.description, todos.completed, todos.user_id 
FROM todos 
WHERE todos.user_id = $1::UUID ORDER BY todos.created_at DESC 
 LIMIT $2::INTEGER OFFSET $3::INTEGER
2026-01-09 18:58:57,521 - sqlalchemy.engine.Engine - INFO - [cached since 2.089s ago] (UUID('c9568a16-4bed-49c3-b626-031a075bb04c'), 100, 0)
2026-01-09 18:58:57,748 - sqlalchemy.engine.Engine - INFO - ROLLBACK
2026-01-09 18:58:58,265 - sqlalchemy.engine.Engine - INFO - BEGIN (implicit)
2026-01-09 18:58:58,271 - sqlalchemy.engine.Engine - INFO - SELECT users.email, users.name, users.role, users.id, users.hashed_password, users.created_at, users.updated_at, users.is_verified, users.is_active 
FROM users 
WHERE users.id = $1::UUID
2026-01-09 18:58:58,275 - sqlalchemy.engine.Engine - INFO - [cached since 3.194s ago] ('c9568a16-4bed-49c3-b626-031a075bb04c',)
2026-01-09 18:58:58,584 - sqlalchemy.engine.Engine - INFO - SELECT todos.id, todos.created_at, todos.updated_at, todos.title, todos.description, todos.completed, todos.user_id 
FROM todos 
WHERE todos.user_id = $1::UUID ORDER BY todos.created_at DESC 
 LIMIT $2::INTEGER OFFSET $3::INTEGER
2026-01-09 18:58:58,588 - sqlalchemy.engine.Engine - INFO - [cached since 3.157s ago] (UUID('c9568a16-4bed-49c3-b626-031a075bb04c'), 100, 0)
2026-01-09 18:58:58,860 - sqlalchemy.engine.Engine - INFO - ROLLBACK
2026-01-09 18:59:03,948 - sqlalchemy.engine.Engine - INFO - BEGIN (implicit)
2026-01-09 18:59:03,953 - sqlalchemy.engine.Engine - INFO - SELECT users.email, users.name, users.role, users.id, users.hashed_password, users.created_at, users.updated_at, users.is_verified, users.is_active 
FROM users 
WHERE users.id = $1::UUID
2026-01-09 18:59:03,957 - sqlalchemy.engine.Engine - INFO - [cached since 8.877s ago] ('c9568a16-4bed-49c3-b626-031a075bb04c',)
2026-01-09 18:59:04,189 - sqlalchemy.engine.Engine - INFO - INSERT INTO todos (id, created_at, updated_at, title, description, completed, user_id) VALUES ($1::UUID, $2::TIMESTAMP WITHOUT TIME ZONE, $3::TIMESTAMP WITHOUT TIME ZONE, $4::VARCHAR, $5::VARCHAR, $6::BOOLEAN, $7::UUID)
2026-01-09 18:59:04,193 - sqlalchemy.engine.Engine - INFO - [generated in 0.00474s] (UUID('d770e84c-4599-49fc-a7c0-0b7ce7813665'), datetime.datetime(2026, 1, 9, 13, 59, 4, 182141), None, 'do work', 'do more owkr', False, UUID('c9568a16-4bed-49c3-b626-031a075bb04c'))
2026-01-09 18:59:04,419 - sqlalchemy.engine.Engine - INFO - ROLLBACK
2026-01-09 19:02:46,512 - main - INFO - Shutting down TaskDo API...
2026-01-09 19:02:54,443 - app.utils.logging - INFO - Logging infrastructure initialized
2026-01-09 19:02:54,573 - main - INFO - Starting up TaskDo API...
2026-01-09 19:02:55,427 - sqlalchemy.engine.Engine - INFO - select pg_catalog.version()
2026-01-09 19:02:55,432 - sqlalchemy.engine.Engine - INFO - [raw sql] ()
2026-01-09 19:02:55,776 - sqlalchemy.engine.Engine - INFO - select current_schema()
2026-01-09 19:02:55,780 - sqlalchemy.engine.Engine - INFO - [raw sql] ()
2026-01-09 19:02:56,283 - sqlalchemy.engine.Engine - INFO - show standard_conforming_strings
2026-01-09 19:02:56,288 - sqlalchemy.engine.Engine - INFO - [raw sql] ()
2026-01-09 19:02:56,632 - sqlalchemy.engine.Engine - INFO - BEGIN (implicit)
2026-01-09 19:02:56,650 - sqlalchemy.engine.Engine - INFO - SELECT pg_catalog.pg_class.relname 
FROM pg_catalog.pg_class JOIN pg_catalog.pg_namespace ON pg_catalog.pg_namespace.oid = pg_catalog.pg_class.relnamespace 
WHERE pg_catalog.pg_class.relname = $1::VARCHAR AND pg_catalog.pg_class.relkind = ANY (ARRAY[$2::VARCHAR, $3::VARCHAR, $4::VARCHAR, $5::VARCHAR, $6::VARCHAR]) AND pg_catalog.pg_table_is_visible(pg_catalog.pg_class.oid) AND pg_catalog.pg_namespace.nspname != $7::VARCHAR
2026-01-09 19:02:56,654 - sqlalchemy.engine.Engine - INFO - [generated in 0.00497s] ('users', 'r', 'p', 'f', 'v', 'm', 'pg_catalog')
2026-01-09 19:02:57,002 - sqlalchemy.engine.Engine - INFO - SELECT pg_catalog.pg_class.relname 
FROM pg_catalog.pg_class JOIN pg_catalog.pg_namespace ON pg_catalog.pg_namespace.oid = pg_catalog.pg_class.relnamespace 
WHERE pg_catalog.pg_class.relname = $1::VARCHAR AND pg_catalog.pg_class.relkind = ANY (ARRAY[$2::VARCHAR, $3::VARCHAR, $4::VARCHAR, $5::VARCHAR, $6::VARCHAR]) AND pg_catalog.pg_table_is_visible(pg_catalog.pg_class.oid) AND pg_catalog.pg_namespace.nspname != $7::VARCHAR
2026-01-09 19:02:57,006 - sqlalchemy.engine.Engine - INFO - [cached since 0.357s ago] ('todos', 'r', 'p', 'f', 'v', 'm', 'pg_catalog')
2026-01-09 19:02:57,132 - sqlalchemy.engine.Engine - INFO - SELECT pg_catalog.pg_type.typname 
FROM pg_catalog.pg_type JOIN pg_catalog.pg_namespace ON pg_catalog.pg_namespace.oid = pg_catalog.pg_type.typnamespace 
WHERE pg_catalog.pg_type.typname = $1::VARCHAR AND pg_catalog.pg_type_is_visible(pg_catalog.pg_type.oid) AND pg_catalog.pg_namespace.nspname != $2::VARCHAR
2026-01-09 19:02:57,136 - sqlalchemy.engine.Engine - INFO - [generated in 0.00452s] ('userrole', 'pg_catalog')
2026-01-09 19:02:57,371 - sqlalchemy.engine.Engine - INFO - COMMIT
2026-01-09 19:02:57,488 - main - INFO - Database initialized
2026-01-09 19:05:25,897 - main - INFO - Shutting down TaskDo API...
2026-01-09 19:05:32,356 - app.utils.logging - INFO - Logging infrastructure initialized
2026-01-09 19:05:32,474 - main - INFO - Starting up TaskDo API...
2026-01-09 19:05:33,317 - sqlalchemy.engine.Engine - INFO - select pg_catalog.version()
2026-01-09 19:05:33,321 - sqlalchemy.engine.Engine - INFO - [raw sql] ()
2026-01-09 19:05:33,656 - sqlalchemy.engine.Engine - INFO - select current_schema()
2026-01-09 19:05:33,660 - sqlalchemy.engine.Engine - INFO - [raw sql] ()
2026-01-09 19:05:34,101 - sqlalchemy.engine.Engine - INFO - show standard_conforming_strings
2026-01-09 19:05:34,105 - sqlalchemy.engine.Engine - INFO - [raw sql] ()
2026-01-09 19:05:34,439 - sqlalchemy.engine.Engine - INFO - BEGIN (implicit)
2026-01-09 19:05:34,458 - sqlalchemy.engine.Engine - INFO - SELECT pg_catalog.pg_class.relname 
FROM pg_catalog.pg_class JOIN pg_catalog.pg_namespace ON pg_catalog.pg_namespace.oid = pg_catalog.pg_class.relnamespace 
WHERE pg_catalog.pg_class.relname = $1::VARCHAR AND pg_catalog.pg_class.relkind = ANY (ARRAY[$2::VARCHAR, $3::VARCHAR, $4::VARCHAR, $5::VARCHAR, $6::VARCHAR]) AND pg_catalog.pg_table_is_visible(pg_catalog.pg_class.oid) AND pg_catalog.pg_namespace.nspname != $7::VARCHAR
2026-01-09 19:05:34,462 - sqlalchemy.engine.Engine - INFO - [generated in 0.00466s] ('users', 'r', 'p', 'f', 'v', 'm', 'pg_catalog')
2026-01-09 19:05:34,800 - sqlalchemy.engine.Engine - INFO - SELECT pg_catalog.pg_class.relname 
FROM pg_catalog.pg_class JOIN pg_catalog.pg_namespace ON pg_catalog.pg_namespace.oid = pg_catalog.pg_class.relnamespace 
WHERE pg_catalog.pg_class.relname = $1::VARCHAR AND pg_catalog.pg_class.relkind = ANY (ARRAY[$2::VARCHAR, $3::VARCHAR, $4::VARCHAR, $5::VARCHAR, $6::VARCHAR]) AND pg_catalog.pg_table_is_visible(pg_catalog.pg_class.oid) AND pg_catalog.pg_namespace.nspname != $7::VARCHAR
2026-01-09 19:05:34,804 - sqlalchemy.engine.Engine - INFO - [cached since 0.3466s ago] ('todos', 'r', 'p', 'f', 'v', 'm', 'pg_catalog')
2026-01-09 19:05:34,923 - sqlalchemy.engine.Engine - INFO - SELECT pg_catalog.pg_type.typname 
FROM pg_catalog.pg_type JOIN pg_catalog.pg_namespace ON pg_catalog.pg_namespace.oid = pg_catalog.pg_type.typnamespace 
WHERE pg_catalog.pg_type.typname = $1::VARCHAR AND pg_catalog.pg_type_is_visible(pg_catalog.pg_type.oid) AND pg_catalog.pg_namespace.nspname != $2::VARCHAR
2026-01-09 19:05:34,927 - sqlalchemy.engine.Engine - INFO - [generated in 0.00412s] ('userrole', 'pg_catalog')
2026-01-09 19:05:35,237 - sqlalchemy.engine.Engine - INFO - COMMIT
2026-01-09 19:05:35,353 - main - INFO - Database initialized
2026-01-09 19:15:52,838 - sqlalchemy.engine.Engine - INFO - BEGIN (implicit)
2026-01-09 19:15:52,857 - sqlalchemy.engine.Engine - INFO - SELECT users.email, users.name, users.role, users.id, users.hashed_password, users.created_at, users.updated_at, users.is_verified, users.is_active 
FROM users 
WHERE users.id = $1::UUID
2026-01-09 19:15:52,862 - sqlalchemy.engine.Engine - INFO - [generated in 0.00437s] ('c9568a16-4bed-49c3-b626-031a075bb04c',)
2026-01-09 19:15:56,933 - sqlalchemy.engine.Engine - INFO - ROLLBACK
2026-01-09 19:15:57,504 - sqlalchemy.engine.Engine - INFO - BEGIN (implicit)
2026-01-09 19:15:57,511 - sqlalchemy.engine.Engine - INFO - SELECT users.email, users.name, users.role, users.id, users.hashed_password, users.created_at, users.updated_at, users.is_verified, users.is_active 
FROM users 
WHERE users.id = $1::UUID
2026-01-09 19:15:57,519 - sqlalchemy.engine.Engine - INFO - [cached since 1.729s ago] ('c9568a16-4bed-49c3-b626-031a075bb04c',)
2026-01-09 19:15:57,746 - sqlalchemy.engine.Engine - INFO - ROLLBACK
2026-01-09 19:15:58,203 - sqlalchemy.engine.Engine - INFO - BEGIN (implicit)
2026-01-09 19:15:58,207 - sqlalchemy.engine.Engine - INFO - SELECT users.email, users.name, users.role, users.id, users.hashed_password, users.created_at, users.updated_at, users.is_verified, users.is_active 
FROM users 
WHERE users.id = $1::UUID
2026-01-09 19:15:58,211 - sqlalchemy.engine.Engine - INFO - [cached since 2.421s ago] ('c9568a16-4bed-49c3-b626-031a075bb04c',)
2026-01-09 19:15:58,512 - sqlalchemy.engine.Engine - INFO - ROLLBACK
2026-01-09 19:15:58,969 - sqlalchemy.engine.Engine - INFO - BEGIN (implicit)
2026-01-09 19:15:58,974 - sqlalchemy.engine.Engine - INFO - SELECT users.email, users.name, users.role, users.id, users.hashed_password, users.created_at, users.updated_at, users.is_verified, users.is_active 
FROM users 
WHERE users.id = $1::UUID
2026-01-09 19:15:58,978 - sqlalchemy.engine.Engine - INFO - [cached since 3.188s ago] ('c9568a16-4bed-49c3-b626-031a075bb04c',)
2026-01-09 19:15:59,207 - sqlalchemy.engine.Engine - INFO - ROLLBACK
2026-01-09 19:16:07,789 - sqlalchemy.engine.Engine - INFO - BEGIN (implicit)
2026-01-09 19:16:07,793 - sqlalchemy.engine.Engine - INFO - SELECT users.email, users.name, users.role, users.id, users.hashed_password, users.created_at, users.updated_at, users.is_verified, users.is_active 
FROM users 
WHERE users.id = $1::UUID
2026-01-09 19:16:07,797 - sqlalchemy.engine.Engine - INFO - [cached since 12.01s ago] ('c9568a16-4bed-49c3-b626-031a075bb04c',)
2026-01-09 19:16:08,029 - sqlalchemy.engine.Engine - INFO - ROLLBACK
2026-01-09 19:36:53,807 - app.utils.logging - INFO - Logging infrastructure initialized
2026-01-09 19:36:53,845 - main - INFO - Starting up TaskDo API...
2026-01-09 19:36:55,705 - sqlalchemy.engine.Engine - INFO - select pg_catalog.version()
2026-01-09 19:36:55,706 - sqlalchemy.engine.Engine - INFO - [raw sql] ()
2026-01-09 19:36:56,102 - sqlalchemy.engine.Engine - INFO - select current_schema()
2026-01-09 19:36:56,103 - sqlalchemy.engine.Engine - INFO - [raw sql] ()
2026-01-09 19:36:57,011 - sqlalchemy.engine.Engine - INFO - show standard_conforming_strings
2026-01-09 19:36:57,013 - sqlalchemy.engine.Engine - INFO - [raw sql] ()
2026-01-09 19:36:57,380 - sqlalchemy.engine.Engine - INFO - BEGIN (implicit)
2026-01-09 19:36:57,386 - sqlalchemy.engine.Engine - INFO - SELECT pg_catalog.pg_class.relname 
FROM pg_catalog.pg_class JOIN pg_catalog.pg_namespace ON pg_catalog.pg_namespace.oid = pg_catalog.pg_class.relnamespace 
WHERE pg_catalog.pg_class.relname = $1::VARCHAR AND pg_catalog.pg_class.relkind = ANY (ARRAY[$2::VARCHAR, $3::VARCHAR, $4::VARCHAR, $5::VARCHAR, $6::VARCHAR]) AND pg_catalog.pg_table_is_visible(pg_catalog.pg_class.oid) AND pg_catalog.pg_namespace.nspname != $7::VARCHAR
2026-01-09 19:36:57,388 - sqlalchemy.engine.Engine - INFO - [generated in 0.00173s] ('users', 'r', 'p', 'f', 'v', 'm', 'pg_catalog')
2026-01-09 19:36:58,121 - sqlalchemy.engine.Engine - INFO - SELECT pg_catalog.pg_class.relname 
FROM pg_catalog.pg_class JOIN pg_catalog.pg_namespace ON pg_catalog.pg_namespace.oid = pg_catalog.pg_class.relnamespace 
WHERE pg_catalog.pg_class.relname = $1::VARCHAR AND pg_catalog.pg_class.relkind = ANY (ARRAY[$2::VARCHAR, $3::VARCHAR, $4::VARCHAR, $5::VARCHAR, $6::VARCHAR]) AND pg_catalog.pg_table_is_visible(pg_catalog.pg_class.oid) AND pg_catalog.pg_namespace.nspname != $7::VARCHAR
2026-01-09 19:36:58,123 - sqlalchemy.engine.Engine - INFO - [cached since 0.737s ago] ('todos', 'r', 'p', 'f', 'v', 'm', 'pg_catalog')
2026-01-09 19:36:58,291 - sqlalchemy.engine.Engine - INFO - SELECT pg_catalog.pg_type.typname 
FROM pg_catalog.pg_type JOIN pg_catalog.pg_namespace ON pg_catalog.pg_namespace.oid = pg_catalog.pg_type.typnamespace 
WHERE pg_catalog.pg_type.typname = $1::VARCHAR AND pg_catalog.pg_type_is_visible(pg_catalog.pg_type.oid) AND pg_catalog.pg_namespace.nspname != $2::VARCHAR
2026-01-09 19:36:58,293 - sqlalchemy.engine.Engine - INFO - [generated in 0.00123s] ('userrole', 'pg_catalog')
2026-01-09 19:36:58,578 - sqlalchemy.engine.Engine - INFO - COMMIT
2026-01-09 19:36:58,762 - main - INFO - Database initialized
2026-01-09 19:39:24,595 - sqlalchemy.engine.Engine - INFO - BEGIN (implicit)
2026-01-09 19:39:24,601 - sqlalchemy.engine.Engine - INFO - SELECT users.email, users.name, users.role, users.id, users.hashed_password, users.created_at, users.updated_at, users.is_verified, users.is_active 
FROM users 
WHERE users.id = $1::UUID
2026-01-09 19:39:24,602 - sqlalchemy.engine.Engine - INFO - [generated in 0.00127s] ('c9568a16-4bed-49c3-b626-031a075bb04c',)
2026-01-09 19:39:26,306 - sqlalchemy.engine.Engine - INFO - ROLLBACK
2026-01-09 19:39:27,047 - sqlalchemy.engine.Engine - INFO - BEGIN (implicit)
2026-01-09 19:39:27,049 - sqlalchemy.engine.Engine - INFO - SELECT users.email, users.name, users.role, users.id, users.hashed_password, users.created_at, users.updated_at, users.is_verified, users.is_active 
FROM users 
WHERE users.id = $1::UUID
2026-01-09 19:39:27,050 - sqlalchemy.engine.Engine - INFO - [cached since 2.45s ago] ('c9568a16-4bed-49c3-b626-031a075bb04c',)
2026-01-09 19:39:27,424 - sqlalchemy.engine.Engine - INFO - ROLLBACK
2026-01-09 19:39:28,269 - sqlalchemy.engine.Engine - INFO - BEGIN (implicit)
2026-01-09 19:39:28,271 - sqlalchemy.engine.Engine - INFO - SELECT users.email, users.name, users.role, users.id, users.hashed_password, users.created_at, users.updated_at, users.is_verified, users.is_active 
FROM users 
WHERE users.id = $1::UUID
2026-01-09 19:39:28,271 - sqlalchemy.engine.Engine - INFO - [cached since 3.671s ago] ('c9568a16-4bed-49c3-b626-031a075bb04c',)
2026-01-09 19:39:28,648 - sqlalchemy.engine.Engine - INFO - ROLLBACK
2026-01-09 19:39:29,403 - sqlalchemy.engine.Engine - INFO - BEGIN (implicit)
2026-01-09 19:39:29,405 - sqlalchemy.engine.Engine - INFO - SELECT users.email, users.name, users.role, users.id, users.hashed_password, users.created_at, users.updated_at, users.is_verified, users.is_active 
FROM users 
WHERE users.id = $1::UUID
2026-01-09 19:39:29,406 - sqlalchemy.engine.Engine - INFO - [cached since 4.805s ago] ('c9568a16-4bed-49c3-b626-031a075bb04c',)
2026-01-09 19:39:29,780 - sqlalchemy.engine.Engine - INFO - ROLLBACK
2026-01-09 19:39:57,999 - sqlalchemy.engine.Engine - INFO - BEGIN (implicit)
2026-01-09 19:39:58,001 - sqlalchemy.engine.Engine - INFO - SELECT users.email, users.name, users.role, users.id, users.hashed_password, users.created_at, users.updated_at, users.is_verified, users.is_active 
FROM users 
WHERE users.email = $1::VARCHAR
2026-01-09 19:39:58,002 - sqlalchemy.engine.Engine - INFO - [generated in 0.00122s] ('kumailn62@gmail.comS',)
2026-01-09 19:39:58,659 - sqlalchemy.engine.Engine - INFO - ROLLBACK
2026-01-09 19:40:05,217 - sqlalchemy.engine.Engine - INFO - BEGIN (implicit)
2026-01-09 19:40:05,219 - sqlalchemy.engine.Engine - INFO - SELECT users.email, users.name, users.role, users.id, users.hashed_password, users.created_at, users.updated_at, users.is_verified, users.is_active 
FROM users 
WHERE users.email = $1::VARCHAR
2026-01-09 19:40:05,220 - sqlalchemy.engine.Engine - INFO - [cached since 7.219s ago] ('kumailn62@gmail.com',)
2026-01-09 19:40:05,823 - sqlalchemy.engine.Engine - INFO - ROLLBACK
2026-01-09 19:40:21,045 - sqlalchemy.engine.Engine - INFO - BEGIN (implicit)
2026-01-09 19:40:21,047 - sqlalchemy.engine.Engine - INFO - SELECT users.email, users.name, users.role, users.id, users.hashed_password, users.created_at, users.updated_at, users.is_verified, users.is_active 
FROM users 
WHERE users.email = $1::VARCHAR
2026-01-09 19:40:21,048 - sqlalchemy.engine.Engine - INFO - [cached since 20.14s ago] ('kumailn62@gmail.com',)
2026-01-09 19:40:21,516 - sqlalchemy.engine.Engine - INFO - ROLLBACK
2026-01-09 19:40:33,587 - sqlalchemy.engine.Engine - INFO - BEGIN (implicit)
2026-01-09 19:40:33,588 - sqlalchemy.engine.Engine - INFO - SELECT users.email, users.name, users.role, users.id, users.hashed_password, users.created_at, users.updated_at, users.is_verified, users.is_active 
FROM users 
WHERE users.id = $1::UUID
2026-01-09 19:40:33,589 - sqlalchemy.engine.Engine - INFO - [cached since 63.15s ago] ('c9568a16-4bed-49c3-b626-031a075bb04c',)
2026-01-09 19:40:35,685 - sqlalchemy.engine.Engine - INFO - ROLLBACK
2026-01-09 19:43:42,409 - sqlalchemy.engine.Engine - INFO - BEGIN (implicit)
2026-01-09 19:43:42,410 - sqlalchemy.engine.Engine - INFO - SELECT users.email, users.name, users.role, users.id, users.hashed_password, users.created_at, users.updated_at, users.is_verified, users.is_active 
FROM users 
WHERE users.email = $1::VARCHAR
2026-01-09 19:43:42,411 - sqlalchemy.engine.Engine - INFO - [cached since 206.8s ago] ('kumailn62@gmail.com',)
2026-01-09 19:43:43,561 - passlib.handlers.bcrypt - WARNING - (trapped) error reading bcrypt version
Traceback (most recent call last):
  File "/home/helloubuntu/.local/lib/python3.12/site-packages/passlib/handlers/bcrypt.py", line 620, in _load_backend_mixin
    version = _bcrypt.__about__.__version__
              ^^^^^^^^^^^^^^^^^
AttributeError: module 'bcrypt' has no attribute '__about__'
2026-01-09 19:43:43,601 - sqlalchemy.engine.Engine - INFO - INSERT INTO users (email, name, role, id, hashed_password, created_at, updated_at, is_verified, is_active) VALUES ($1::VARCHAR, $2::VARCHAR, $3::userrole, $4::UUID, $5::VARCHAR, $6::TIMESTAMP WITHOUT TIME ZONE, $7::TIMESTAMP WITHOUT TIME ZONE, $8::BOOLEAN, $9::BOOLEAN)
2026-01-09 19:43:43,602 - sqlalchemy.engine.Engine - INFO - [generated in 0.00111s] ('kumailn62@gmail.com', 'Kumail', 'USER', UUID('336cf2c6-cdfa-4f6f-991a-9b76865c306b'), '$pbkdf2-sha256$29000$MUao1Vqr9d57D6E0pnSOUQ$KVlN2ERPNNxqARnn/dQolbRqEUP.BM2E4CL5btDOV8E', datetime.datetime(2026, 1, 9, 14, 43, 43, 599462), None, False, True)
2026-01-09 19:43:43,905 - sqlalchemy.engine.Engine - INFO - COMMIT
2026-01-09 19:43:44,601 - sqlalchemy.engine.Engine - INFO - BEGIN (implicit)
2026-01-09 19:43:44,606 - sqlalchemy.engine.Engine - INFO - SELECT users.email, users.name, users.role, users.id, users.hashed_password, users.created_at, users.updated_at, users.is_verified, users.is_active 
FROM users 
WHERE users.id = $1::UUID
2026-01-09 19:43:44,608 - sqlalchemy.engine.Engine - INFO - [generated in 0.00205s] (UUID('336cf2c6-cdfa-4f6f-991a-9b76865c306b'),)
2026-01-09 19:43:44,962 - sqlalchemy.engine.Engine - INFO - ROLLBACK
2026-01-09 19:43:56,848 - sqlalchemy.engine.Engine - INFO - BEGIN (implicit)
2026-01-09 19:43:56,849 - sqlalchemy.engine.Engine - INFO - SELECT users.email, users.name, users.role, users.id, users.hashed_password, users.created_at, users.updated_at, users.is_verified, users.is_active 
FROM users 
WHERE users.email = $1::VARCHAR
2026-01-09 19:43:56,851 - sqlalchemy.engine.Engine - INFO - [cached since 218.1s ago] ('kumailn62@gmail.com',)
2026-01-09 19:43:57,243 - sqlalchemy.engine.Engine - INFO - ROLLBACK
2026-01-09 19:43:57,997 - sqlalchemy.engine.Engine - INFO - BEGIN (implicit)
2026-01-09 19:43:57,998 - sqlalchemy.engine.Engine - INFO - SELECT users.email, users.name, users.role, users.id, users.hashed_password, users.created_at, users.updated_at, users.is_verified, users.is_active 
FROM users 
WHERE users.id = $1::UUID
2026-01-09 19:43:58,000 - sqlalchemy.engine.Engine - INFO - [cached since 249.7s ago] ('336cf2c6-cdfa-4f6f-991a-9b76865c306b',)
2026-01-09 19:43:58,455 - sqlalchemy.engine.Engine - INFO - SELECT todos.id, todos.created_at, todos.updated_at, todos.title, todos.description, todos.completed, todos.user_id 
FROM todos 
WHERE todos.user_id = $1::UUID ORDER BY todos.created_at DESC 
 LIMIT $2::INTEGER OFFSET $3::INTEGER
2026-01-09 19:43:58,456 - sqlalchemy.engine.Engine - INFO - [generated in 0.00122s] (UUID('336cf2c6-cdfa-4f6f-991a-9b76865c306b'), 100, 0)
2026-01-09 19:43:58,926 - sqlalchemy.engine.Engine - INFO - ROLLBACK
2026-01-09 19:44:01,405 - sqlalchemy.engine.Engine - INFO - BEGIN (implicit)
2026-01-09 19:44:01,407 - sqlalchemy.engine.Engine - INFO - SELECT users.email, users.name, users.role, users.id, users.hashed_password, users.created_at, users.updated_at, users.is_verified, users.is_active 
FROM users 
WHERE users.id = $1::UUID
2026-01-09 19:44:01,409 - sqlalchemy.engine.Engine - INFO - [cached since 253.1s ago] ('336cf2c6-cdfa-4f6f-991a-9b76865c306b',)
2026-01-09 19:44:04,776 - sqlalchemy.engine.Engine - INFO - SELECT todos.id, todos.created_at, todos.updated_at, todos.title, todos.description, todos.completed, todos.user_id 
FROM todos 
WHERE todos.user_id = $1::UUID ORDER BY todos.created_at DESC 
 LIMIT $2::INTEGER OFFSET $3::INTEGER
2026-01-09 19:44:04,778 - sqlalchemy.engine.Engine - INFO - [cached since 6.323s ago] (UUID('336cf2c6-cdfa-4f6f-991a-9b76865c306b'), 100, 0)
2026-01-09 19:44:05,298 - sqlalchemy.engine.Engine - INFO - ROLLBACK
2026-01-09 19:44:06,147 - sqlalchemy.engine.Engine - INFO - BEGIN (implicit)
2026-01-09 19:44:06,149 - sqlalchemy.engine.Engine - INFO - SELECT users.email, users.name, users.role, users.id, users.hashed_password, users.created_at, users.updated_at, users.is_verified, users.is_active 
FROM users 
WHERE users.id = $1::UUID
2026-01-09 19:44:06,150 - sqlalchemy.engine.Engine - INFO - [cached since 257.9s ago] ('336cf2c6-cdfa-4f6f-991a-9b76865c306b',)
2026-01-09 19:44:07,147 - sqlalchemy.engine.Engine - INFO - SELECT todos.id, todos.created_at, todos.updated_at, todos.title, todos.description, todos.completed, todos.user_id 
FROM todos 
WHERE todos.user_id = $1::UUID ORDER BY todos.created_at DESC 
 LIMIT $2::INTEGER OFFSET $3::INTEGER
2026-01-09 19:44:07,148 - sqlalchemy.engine.Engine - INFO - [cached since 8.693s ago] (UUID('336cf2c6-cdfa-4f6f-991a-9b76865c306b'), 100, 0)
2026-01-09 19:44:07,383 - sqlalchemy.engine.Engine - INFO - ROLLBACK
2026-01-09 19:44:07,987 - sqlalchemy.engine.Engine - INFO - BEGIN (implicit)
2026-01-09 19:44:07,988 - sqlalchemy.engine.Engine - INFO - SELECT users.email, users.name, users.role, users.id, users.hashed_password, users.created_at, users.updated_at, users.is_verified, users.is_active 
FROM users 
WHERE users.id = $1::UUID
2026-01-09 19:44:07,989 - sqlalchemy.engine.Engine - INFO - [cached since 259.7s ago] ('336cf2c6-cdfa-4f6f-991a-9b76865c306b',)
2026-01-09 19:44:08,420 - sqlalchemy.engine.Engine - INFO - SELECT todos.id, todos.created_at, todos.updated_at, todos.title, todos.description, todos.completed, todos.user_id 
FROM todos 
WHERE todos.user_id = $1::UUID ORDER BY todos.created_at DESC 
 LIMIT $2::INTEGER OFFSET $3::INTEGER
2026-01-09 19:44:08,421 - sqlalchemy.engine.Engine - INFO - [cached since 9.967s ago] (UUID('336cf2c6-cdfa-4f6f-991a-9b76865c306b'), 100, 0)
2026-01-09 19:44:08,572 - sqlalchemy.engine.Engine - INFO - ROLLBACK
2026-01-09 19:44:08,904 - sqlalchemy.engine.Engine - INFO - BEGIN (implicit)
2026-01-09 19:44:08,905 - sqlalchemy.engine.Engine - INFO - SELECT users.email, users.name, users.role, users.id, users.hashed_password, users.created_at, users.updated_at, users.is_verified, users.is_active 
FROM users 
WHERE users.id = $1::UUID
2026-01-09 19:44:08,906 - sqlalchemy.engine.Engine - INFO - [cached since 260.6s ago] ('336cf2c6-cdfa-4f6f-991a-9b76865c306b',)
2026-01-09 19:44:09,375 - sqlalchemy.engine.Engine - INFO - INSERT INTO todos (id, created_at, updated_at, title, description, completed, user_id) VALUES ($1::UUID, $2::TIMESTAMP WITHOUT TIME ZONE, $3::TIMESTAMP WITHOUT TIME ZONE, $4::VARCHAR, $5::VARCHAR, $6::BOOLEAN, $7::UUID)
2026-01-09 19:44:09,376 - sqlalchemy.engine.Engine - INFO - [generated in 0.00158s] (UUID('1126b209-2c44-4f00-932a-85a7d095643c'), datetime.datetime(2026, 1, 9, 14, 44, 9, 374115), None, 'do work', 'do more wokr', False, UUID('336cf2c6-cdfa-4f6f-991a-9b76865c306b'))
2026-01-09 19:44:09,843 - sqlalchemy.engine.Engine - INFO - COMMIT
2026-01-09 19:44:11,171 - sqlalchemy.engine.Engine - INFO - BEGIN (implicit)
2026-01-09 19:44:11,177 - sqlalchemy.engine.Engine - INFO - SELECT todos.id, todos.created_at, todos.updated_at, todos.title, todos.description, todos.completed, todos.user_id 
FROM todos 
WHERE todos.id = $1::UUID
2026-01-09 19:44:11,181 - sqlalchemy.engine.Engine - INFO - [generated in 0.00439s] (UUID('1126b209-2c44-4f00-932a-85a7d095643c'),)
2026-01-09 19:44:11,935 - sqlalchemy.engine.Engine - INFO - ROLLBACK
2026-01-09 19:44:13,138 - sqlalchemy.engine.Engine - INFO - BEGIN (implicit)
2026-01-09 19:44:13,140 - sqlalchemy.engine.Engine - INFO - SELECT users.email, users.name, users.role, users.id, users.hashed_password, users.created_at, users.updated_at, users.is_verified, users.is_active 
FROM users 
WHERE users.id = $1::UUID
2026-01-09 19:44:13,141 - sqlalchemy.engine.Engine - INFO - [cached since 264.9s ago] ('336cf2c6-cdfa-4f6f-991a-9b76865c306b',)
2026-01-09 19:44:13,718 - sqlalchemy.engine.Engine - INFO - SELECT todos.id, todos.created_at, todos.updated_at, todos.title, todos.description, todos.completed, todos.user_id 
FROM todos 
WHERE todos.user_id = $1::UUID ORDER BY todos.created_at DESC 
 LIMIT $2::INTEGER OFFSET $3::INTEGER
2026-01-09 19:44:13,719 - sqlalchemy.engine.Engine - INFO - [cached since 15.26s ago] (UUID('336cf2c6-cdfa-4f6f-991a-9b76865c306b'), 100, 0)
2026-01-09 19:44:14,082 - sqlalchemy.engine.Engine - INFO - ROLLBACK
2026-01-09 19:44:15,998 - sqlalchemy.engine.Engine - INFO - BEGIN (implicit)
2026-01-09 19:44:16,000 - sqlalchemy.engine.Engine - INFO - SELECT users.email, users.name, users.role, users.id, users.hashed_password, users.created_at, users.updated_at, users.is_verified, users.is_active 
FROM users 
WHERE users.id = $1::UUID
2026-01-09 19:44:16,002 - sqlalchemy.engine.Engine - INFO - [cached since 267.7s ago] ('336cf2c6-cdfa-4f6f-991a-9b76865c306b',)
2026-01-09 19:44:16,804 - sqlalchemy.engine.Engine - INFO - SELECT todos.id, todos.created_at, todos.updated_at, todos.title, todos.description, todos.completed, todos.user_id 
FROM todos 
WHERE todos.user_id = $1::UUID ORDER BY todos.created_at DESC 
 LIMIT $2::INTEGER OFFSET $3::INTEGER
2026-01-09 19:44:16,805 - sqlalchemy.engine.Engine - INFO - [cached since 18.35s ago] (UUID('336cf2c6-cdfa-4f6f-991a-9b76865c306b'), 100, 0)
2026-01-09 19:44:17,042 - sqlalchemy.engine.Engine - INFO - ROLLBACK
2026-01-09 19:44:17,512 - sqlalchemy.engine.Engine - INFO - BEGIN (implicit)
2026-01-09 19:44:17,515 - sqlalchemy.engine.Engine - INFO - SELECT users.email, users.name, users.role, users.id, users.hashed_password, users.created_at, users.updated_at, users.is_verified, users.is_active 
FROM users 
WHERE users.id = $1::UUID
2026-01-09 19:44:17,517 - sqlalchemy.engine.Engine - INFO - [cached since 269.3s ago] ('336cf2c6-cdfa-4f6f-991a-9b76865c306b',)
2026-01-09 19:44:17,887 - sqlalchemy.engine.Engine - INFO - SELECT todos.id, todos.created_at, todos.updated_at, todos.title, todos.description, todos.completed, todos.user_id 
FROM todos 
WHERE todos.user_id = $1::UUID ORDER BY todos.created_at DESC 
 LIMIT $2::INTEGER OFFSET $3::INTEGER
2026-01-09 19:44:17,889 - sqlalchemy.engine.Engine - INFO - [cached since 19.43s ago] (UUID('336cf2c6-cdfa-4f6f-991a-9b76865c306b'), 100, 0)
2026-01-09 19:44:18,114 - sqlalchemy.engine.Engine - INFO - ROLLBACK
2026-01-09 19:44:18,755 - sqlalchemy.engine.Engine - INFO - BEGIN (implicit)
2026-01-09 19:44:18,759 - sqlalchemy.engine.Engine - INFO - SELECT users.email, users.name, users.role, users.id, users.hashed_password, users.created_at, users.updated_at, users.is_verified, users.is_active 
FROM users 
WHERE users.id = $1::UUID
2026-01-09 19:44:18,764 - sqlalchemy.engine.Engine - INFO - [cached since 270.5s ago] ('336cf2c6-cdfa-4f6f-991a-9b76865c306b',)
2026-01-09 19:44:20,173 - sqlalchemy.engine.Engine - INFO - SELECT todos.id, todos.created_at, todos.updated_at, todos.title, todos.description, todos.completed, todos.user_id 
FROM todos 
WHERE todos.user_id = $1::UUID ORDER BY todos.created_at DESC 
 LIMIT $2::INTEGER OFFSET $3::INTEGER
2026-01-09 19:44:20,175 - sqlalchemy.engine.Engine - INFO - [cached since 21.72s ago] (UUID('336cf2c6-cdfa-4f6f-991a-9b76865c306b'), 100, 0)
2026-01-09 19:44:20,638 - sqlalchemy.engine.Engine - INFO - ROLLBACK
2026-01-09 19:44:29,342 - sqlalchemy.engine.Engine - INFO - BEGIN (implicit)
2026-01-09 19:44:29,343 - sqlalchemy.engine.Engine - INFO - SELECT users.email, users.name, users.role, users.id, users.hashed_password, users.created_at, users.updated_at, users.is_verified, users.is_active 
FROM users 
WHERE users.id = $1::UUID
2026-01-09 19:44:29,350 - sqlalchemy.engine.Engine - INFO - [cached since 278.5s ago] ('336cf2c6-cdfa-4f6f-991a-9b76865c306b',)
2026-01-09 19:44:29,580 - sqlalchemy.engine.Engine - INFO - ROLLBACK
2026-01-09 19:44:29,759 - sqlalchemy.engine.Engine - INFO - BEGIN (implicit)
2026-01-09 19:44:29,761 - sqlalchemy.engine.Engine - INFO - SELECT users.email, users.name, users.role, users.id, users.hashed_password, users.created_at, users.updated_at, users.is_verified, users.is_active 
FROM users 
WHERE users.id = $1::UUID
2026-01-09 19:44:29,762 - sqlalchemy.engine.Engine - INFO - [cached since 279s ago] ('336cf2c6-cdfa-4f6f-991a-9b76865c306b',)
2026-01-09 19:44:30,416 - sqlalchemy.engine.Engine - INFO - ROLLBACK
2026-01-09 19:44:45,263 - sqlalchemy.engine.Engine - INFO - BEGIN (implicit)
2026-01-09 19:44:45,264 - sqlalchemy.engine.Engine - INFO - SELECT users.email, users.name, users.role, users.id, users.hashed_password, users.created_at, users.updated_at, users.is_verified, users.is_active 
FROM users 
WHERE users.id = $1::UUID
2026-01-09 19:44:45,266 - sqlalchemy.engine.Engine - INFO - [cached since 294.5s ago] ('336cf2c6-cdfa-4f6f-991a-9b76865c306b',)
2026-01-09 19:44:45,811 - sqlalchemy.engine.Engine - INFO - SELECT todos.id, todos.created_at, todos.updated_at, todos.title, todos.description, todos.completed, todos.user_id 
FROM todos 
WHERE todos.user_id = $1::UUID ORDER BY todos.created_at DESC 
 LIMIT $2::INTEGER OFFSET $3::INTEGER
2026-01-09 19:44:45,812 - sqlalchemy.engine.Engine - INFO - [cached since 44.82s ago] (UUID('336cf2c6-cdfa-4f6f-991a-9b76865c306b'), 100, 0)
2026-01-09 19:44:46,029 - sqlalchemy.engine.Engine - INFO - ROLLBACK
2026-01-09 19:44:46,689 - sqlalchemy.engine.Engine - INFO - BEGIN (implicit)
2026-01-09 19:44:46,691 - sqlalchemy.engine.Engine - INFO - SELECT users.email, users.name, users.role, users.id, users.hashed_password, users.created_at, users.updated_at, users.is_verified, users.is_active 
FROM users 
WHERE users.id = $1::UUID
2026-01-09 19:44:46,692 - sqlalchemy.engine.Engine - INFO - [cached since 295.9s ago] ('336cf2c6-cdfa-4f6f-991a-9b76865c306b',)
2026-01-09 19:44:47,727 - sqlalchemy.engine.Engine - INFO - SELECT todos.id, todos.created_at, todos.updated_at, todos.title, todos.description, todos.completed, todos.user_id 
FROM todos 
WHERE todos.user_id = $1::UUID ORDER BY todos.created_at DESC 
 LIMIT $2::INTEGER OFFSET $3::INTEGER
2026-01-09 19:44:47,728 - sqlalchemy.engine.Engine - INFO - [cached since 46.74s ago] (UUID('336cf2c6-cdfa-4f6f-991a-9b76865c306b'), 100, 0)
2026-01-09 19:44:47,919 - sqlalchemy.engine.Engine - INFO - ROLLBACK
2026-01-09 19:44:48,281 - sqlalchemy.engine.Engine - INFO - BEGIN (implicit)
2026-01-09 19:44:48,283 - sqlalchemy.engine.Engine - INFO - SELECT users.email, users.name, users.role, users.id, users.hashed_password, users.created_at, users.updated_at, users.is_verified, users.is_active 
FROM users 
WHERE users.id = $1::UUID
2026-01-09 19:44:48,284 - sqlalchemy.engine.Engine - INFO - [cached since 297.5s ago] ('336cf2c6-cdfa-4f6f-991a-9b76865c306b',)
2026-01-09 19:44:48,589 - sqlalchemy.engine.Engine - INFO - SELECT todos.id, todos.created_at, todos.updated_at, todos.title, todos.description, todos.completed, todos.user_id 
FROM todos 
WHERE todos.user_id = $1::UUID ORDER BY todos.created_at DESC 
 LIMIT $2::INTEGER OFFSET $3::INTEGER
2026-01-09 19:44:48,590 - sqlalchemy.engine.Engine - INFO - [cached since 47.6s ago] (UUID('336cf2c6-cdfa-4f6f-991a-9b76865c306b'), 100, 0)
2026-01-09 19:44:48,763 - sqlalchemy.engine.Engine - INFO - ROLLBACK
2026-01-09 19:44:49,285 - sqlalchemy.engine.Engine - INFO - BEGIN (implicit)
2026-01-09 19:44:49,287 - sqlalchemy.engine.Engine - INFO - SELECT users.email, users.name, users.role, users.id, users.hashed_password, users.created_at, users.updated_at, users.is_verified, users.is_active 
FROM users 
WHERE users.id = $1::UUID
2026-01-09 19:44:49,289 - sqlalchemy.engine.Engine - INFO - [cached since 298.5s ago] ('336cf2c6-cdfa-4f6f-991a-9b76865c306b',)
2026-01-09 19:44:49,800 - sqlalchemy.engine.Engine - INFO - SELECT todos.id, todos.created_at, todos.updated_at, todos.title, todos.description, todos.completed, todos.user_id 
FROM todos 
WHERE todos.user_id = $1::UUID ORDER BY todos.created_at DESC 
 LIMIT $2::INTEGER OFFSET $3::INTEGER
2026-01-09 19:44:49,802 - sqlalchemy.engine.Engine - INFO - [cached since 48.81s ago] (UUID('336cf2c6-cdfa-4f6f-991a-9b76865c306b'), 100, 0)
2026-01-09 19:44:50,006 - sqlalchemy.engine.Engine - INFO - ROLLBACK
2026-01-09 19:44:51,984 - sqlalchemy.engine.Engine - INFO - BEGIN (implicit)
2026-01-09 19:44:51,986 - sqlalchemy.engine.Engine - INFO - SELECT users.email, users.name, users.role, users.id, users.hashed_password, users.created_at, users.updated_at, users.is_verified, users.is_active 
FROM users 
WHERE users.id = $1::UUID
2026-01-09 19:44:51,987 - sqlalchemy.engine.Engine - INFO - [cached since 301.2s ago] ('336cf2c6-cdfa-4f6f-991a-9b76865c306b',)
2026-01-09 19:44:52,440 - sqlalchemy.engine.Engine - INFO - ROLLBACK
2026-01-09 19:44:52,683 - sqlalchemy.engine.Engine - INFO - BEGIN (implicit)
2026-01-09 19:44:52,684 - sqlalchemy.engine.Engine - INFO - SELECT users.email, users.name, users.role, users.id, users.hashed_password, users.created_at, users.updated_at, users.is_verified, users.is_active 
FROM users 
WHERE users.id = $1::UUID
2026-01-09 19:44:52,684 - sqlalchemy.engine.Engine - INFO - [cached since 301.9s ago] ('336cf2c6-cdfa-4f6f-991a-9b76865c306b',)
2026-01-09 19:44:53,099 - sqlalchemy.engine.Engine - INFO - ROLLBACK
2026-01-09 19:50:03,680 - sqlalchemy.engine.Engine - INFO - BEGIN (implicit)
2026-01-09 19:50:03,681 - sqlalchemy.engine.Engine - INFO - SELECT users.email, users.name, users.role, users.id, users.hashed_password, users.created_at, users.updated_at, users.is_verified, users.is_active 
FROM users 
WHERE users.id = $1::UUID
2026-01-09 19:50:03,682 - sqlalchemy.engine.Engine - INFO - [cached since 585.8s ago] ('f5894b1a-1182-41b8-91e8-5ba9e9f663ee',)
2026-01-09 19:50:05,757 - sqlalchemy.engine.Engine - INFO - SELECT todos.id, todos.created_at, todos.updated_at, todos.title, todos.description, todos.completed, todos.user_id 
FROM todos 
WHERE todos.user_id = $1::UUID ORDER BY todos.created_at DESC 
 LIMIT $2::INTEGER OFFSET $3::INTEGER
2026-01-09 19:50:05,758 - sqlalchemy.engine.Engine - INFO - [cached since 337.7s ago] (UUID('f5894b1a-1182-41b8-91e8-5ba9e9f663ee'), 100, 0)
2026-01-09 19:50:06,097 - sqlalchemy.engine.Engine - INFO - ROLLBACK
2026-01-09 19:50:14,783 - sqlalchemy.engine.Engine - INFO - BEGIN (implicit)
2026-01-09 19:50:14,784 - sqlalchemy.engine.Engine - INFO - SELECT users.email, users.name, users.role, users.id, users.hashed_password, users.created_at, users.updated_at, users.is_verified, users.is_active 
FROM users 
WHERE users.id = $1::UUID
2026-01-09 19:50:14,785 - sqlalchemy.engine.Engine - INFO - [cached since 596.9s ago] ('f5894b1a-1182-41b8-91e8-5ba9e9f663ee',)
2026-01-09 19:50:18,091 - sqlalchemy.engine.Engine - INFO - INSERT INTO todos (id, created_at, updated_at, title, description, completed, user_id) VALUES ($1::UUID, $2::TIMESTAMP WITHOUT TIME ZONE, $3::TIMESTAMP WITHOUT TIME ZONE, $4::VARCHAR, $5::VARCHAR, $6::BOOLEAN, $7::UUID)
2026-01-09 19:50:18,093 - sqlalchemy.engine.Engine - INFO - [cached since 339.1s ago] (UUID('3787fc1a-3e08-4cd0-a239-0be600714a62'), datetime.datetime(2026, 1, 9, 14, 50, 18, 91214), None, 'Test Task', 'This is a test task', False, UUID('f5894b1a-1182-41b8-91e8-5ba9e9f663ee'))
2026-01-09 19:50:18,467 - sqlalchemy.engine.Engine - INFO - COMMIT
2026-01-09 19:50:23,025 - sqlalchemy.engine.Engine - INFO - BEGIN (implicit)
2026-01-09 19:50:23,027 - sqlalchemy.engine.Engine - INFO - SELECT todos.id, todos.created_at, todos.updated_at, todos.title, todos.description, todos.completed, todos.user_id 
FROM todos 
WHERE todos.id = $1::UUID
2026-01-09 19:50:23,028 - sqlalchemy.engine.Engine - INFO - [cached since 339.3s ago] (UUID('3787fc1a-3e08-4cd0-a239-0be600714a62'),)
2026-01-09 19:50:23,924 - sqlalchemy.engine.Engine - INFO - ROLLBACK
2026-01-09 19:50:37,658 - sqlalchemy.engine.Engine - INFO - BEGIN (implicit)
2026-01-09 19:50:37,660 - sqlalchemy.engine.Engine - INFO - SELECT users.email, users.name, users.role, users.id, users.hashed_password, users.created_at, users.updated_at, users.is_verified, users.is_active 
FROM users 
WHERE users.id = $1::UUID
2026-01-09 19:50:37,662 - sqlalchemy.engine.Engine - INFO - [cached since 616.9s ago] ('f5894b1a-1182-41b8-91e8-5ba9e9f663ee',)
2026-01-09 19:50:37,955 - sqlalchemy.engine.Engine - INFO - SELECT todos.id, todos.created_at, todos.updated_at, todos.title, todos.description, todos.completed, todos.user_id 
FROM todos 
WHERE todos.user_id = $1::UUID ORDER BY todos.created_at DESC 
 LIMIT $2::INTEGER OFFSET $3::INTEGER
2026-01-09 19:50:37,956 - sqlalchemy.engine.Engine - INFO - [cached since 367s ago] (UUID('f5894b1a-1182-41b8-91e8-5ba9e9f663ee'), 100, 0)
2026-01-09 19:50:38,488 - sqlalchemy.engine.Engine - INFO - ROLLBACK
2026-01-09 19:52:58,997 - sqlalchemy.engine.Engine - INFO - BEGIN (implicit)
2026-01-09 19:52:58,999 - sqlalchemy.engine.Engine - INFO - SELECT users.email, users.name, users.role, users.id, users.hashed_password, users.created_at, users.updated_at, users.is_verified, users.is_active 
FROM users 
WHERE users.id = $1::UUID
2026-01-09 19:52:59,000 - sqlalchemy.engine.Engine - INFO - [cached since 746.4s ago] ('f5894b1a-1182-41b8-91e8-5ba9e9f663ee',)
2026-01-09 19:52:59,367 - sqlalchemy.engine.Engine - INFO - SELECT todos.id, todos.created_at, todos.updated_at, todos.title, todos.description, todos.completed, todos.user_id 
FROM todos 
WHERE todos.id = $1::UUID AND todos.user_id = $2::UUID
2026-01-09 19:52:59,368 - sqlalchemy.engine.Engine - INFO - [generated in 0.00115s] (UUID('3787fc1a-3e08-4cd0-a239-0be600714a62'), UUID('f5894b1a-1182-41b8-91e8-5ba9e9f663ee'))
2026-01-09 19:52:59,652 - sqlalchemy.engine.Engine - INFO - UPDATE todos SET updated_at=$1::TIMESTAMP WITHOUT TIME ZONE, title=$2::VARCHAR, description=$3::VARCHAR, completed=$4::BOOLEAN WHERE todos.id = $5::UUID
2026-01-09 19:52:59,653 - sqlalchemy.engine.Engine - INFO - [generated in 0.00139s] (datetime.datetime(2026, 1, 9, 14, 52, 59, 650591), 'Updated Test Task', 'This is an updated test task', True, UUID('3787fc1a-3e08-4cd0-a239-0be600714a62'))
2026-01-09 19:52:59,881 - sqlalchemy.engine.Engine - INFO - COMMIT
2026-01-09 19:53:00,670 - sqlalchemy.engine.Engine - INFO - BEGIN (implicit)
2026-01-09 19:53:00,671 - sqlalchemy.engine.Engine - INFO - SELECT todos.id, todos.created_at, todos.updated_at, todos.title, todos.description, todos.completed, todos.user_id 
FROM todos 
WHERE todos.id = $1::UUID
2026-01-09 19:53:00,673 - sqlalchemy.engine.Engine - INFO - [cached since 485.2s ago] (UUID('3787fc1a-3e08-4cd0-a239-0be600714a62'),)
2026-01-09 19:53:01,203 - sqlalchemy.engine.Engine - INFO - ROLLBACK
2026-01-09 19:53:08,303 - sqlalchemy.engine.Engine - INFO - BEGIN (implicit)
2026-01-09 19:53:08,304 - sqlalchemy.engine.Engine - INFO - SELECT users.email, users.name, users.role, users.id, users.hashed_password, users.created_at, users.updated_at, users.is_verified, users.is_active 
FROM users 
WHERE users.id = $1::UUID
2026-01-09 19:53:08,306 - sqlalchemy.engine.Engine - INFO - [cached since 755.7s ago] ('f5894b1a-1182-41b8-91e8-5ba9e9f663ee',)
2026-01-09 19:53:08,681 - sqlalchemy.engine.Engine - INFO - ROLLBACK
2026-01-09 19:53:23,735 - sqlalchemy.engine.Engine - INFO - BEGIN (implicit)
2026-01-09 19:53:23,736 - sqlalchemy.engine.Engine - INFO - SELECT users.email, users.name, users.role, users.id, users.hashed_password, users.created_at, users.updated_at, users.is_verified, users.is_active 
FROM users 
WHERE users.id = $1::UUID
2026-01-09 19:53:23,737 - sqlalchemy.engine.Engine - INFO - [cached since 768.2s ago] ('f5894b1a-1182-41b8-91e8-5ba9e9f663ee',)
2026-01-09 19:53:24,491 - sqlalchemy.engine.Engine - INFO - SELECT todos.id, todos.created_at, todos.updated_at, todos.title, todos.description, todos.completed, todos.user_id 
FROM todos 
WHERE todos.id = $1::UUID AND todos.user_id = $2::UUID
2026-01-09 19:53:24,493 - sqlalchemy.engine.Engine - INFO - [cached since 22.2s ago] (UUID('3787fc1a-3e08-4cd0-a239-0be600714a62'), UUID('f5894b1a-1182-41b8-91e8-5ba9e9f663ee'))
2026-01-09 19:53:24,866 - sqlalchemy.engine.Engine - INFO - UPDATE todos SET updated_at=$1::TIMESTAMP WITHOUT TIME ZONE WHERE todos.id = $2::UUID
2026-01-09 19:53:24,867 - sqlalchemy.engine.Engine - INFO - [generated in 0.00118s] (datetime.datetime(2026, 1, 9, 14, 53, 24, 865608), UUID('3787fc1a-3e08-4cd0-a239-0be600714a62'))
2026-01-09 19:53:25,249 - sqlalchemy.engine.Engine - INFO - COMMIT
2026-01-09 19:53:25,995 - sqlalchemy.engine.Engine - INFO - BEGIN (implicit)
2026-01-09 19:53:25,997 - sqlalchemy.engine.Engine - INFO - SELECT todos.id, todos.created_at, todos.updated_at, todos.title, todos.description, todos.completed, todos.user_id 
FROM todos 
WHERE todos.id = $1::UUID
2026-01-09 19:53:25,998 - sqlalchemy.engine.Engine - INFO - [cached since 507.6s ago] (UUID('3787fc1a-3e08-4cd0-a239-0be600714a62'),)
2026-01-09 19:53:26,232 - sqlalchemy.engine.Engine - INFO - ROLLBACK
2026-01-09 19:53:32,289 - sqlalchemy.engine.Engine - INFO - BEGIN (implicit)
2026-01-09 19:53:32,291 - sqlalchemy.engine.Engine - INFO - SELECT users.email, users.name, users.role, users.id, users.hashed_password, users.created_at, users.updated_at, users.is_verified, users.is_active 
FROM users 
WHERE users.id = $1::UUID
2026-01-09 19:53:32,292 - sqlalchemy.engine.Engine - INFO - [cached since 776.8s ago] ('f5894b1a-1182-41b8-91e8-5ba9e9f663ee',)
2026-01-09 19:53:32,747 - sqlalchemy.engine.Engine - INFO - SELECT todos.id, todos.created_at, todos.updated_at, todos.title, todos.description, todos.completed, todos.user_id 
FROM todos 
WHERE todos.id = $1::UUID AND todos.user_id = $2::UUID
2026-01-09 19:53:32,749 - sqlalchemy.engine.Engine - INFO - [cached since 30.45s ago] (UUID('3787fc1a-3e08-4cd0-a239-0be600714a62'), UUID('f5894b1a-1182-41b8-91e8-5ba9e9f663ee'))
2026-01-09 19:53:32,860 - sqlalchemy.engine.Engine - INFO - DELETE FROM todos WHERE todos.id = $1::UUID
2026-01-09 19:53:32,861 - sqlalchemy.engine.Engine - INFO - [generated in 0.00134s] (UUID('3787fc1a-3e08-4cd0-a239-0be600714a62'),)
2026-01-09 19:53:33,161 - sqlalchemy.engine.Engine - INFO - COMMIT
2026-01-09 19:54:16,058 - sqlalchemy.engine.Engine - INFO - BEGIN (implicit)
2026-01-09 19:54:16,061 - sqlalchemy.engine.Engine - INFO - SELECT users.email, users.name, users.role, users.id, users.hashed_password, users.created_at, users.updated_at, users.is_verified, users.is_active 
FROM users 
WHERE users.id = $1::UUID
2026-01-09 19:54:16,063 - sqlalchemy.engine.Engine - INFO - [cached since 817.3s ago] ('f5894b1a-1182-41b8-91e8-5ba9e9f663ee',)
2026-01-09 19:54:18,415 - sqlalchemy.engine.Engine - INFO - SELECT todos.id, todos.created_at, todos.updated_at, todos.title, todos.description, todos.completed, todos.user_id 
FROM todos 
WHERE todos.user_id = $1::UUID ORDER BY todos.created_at DESC 
 LIMIT $2::INTEGER OFFSET $3::INTEGER
2026-01-09 19:54:18,448 - sqlalchemy.engine.Engine - INFO - [cached since 569.5s ago] (UUID('f5894b1a-1182-41b8-91e8-5ba9e9f663ee'), 100, 0)
2026-01-09 19:54:19,010 - sqlalchemy.engine.Engine - INFO - ROLLBACK
2026-01-09 19:54:32,555 - sqlalchemy.engine.Engine - INFO - BEGIN (implicit)
2026-01-09 19:54:32,557 - sqlalchemy.engine.Engine - INFO - SELECT users.email, users.name, users.role, users.id, users.hashed_password, users.created_at, users.updated_at, users.is_verified, users.is_active 
FROM users 
WHERE users.id = $1::UUID
2026-01-09 19:54:32,558 - sqlalchemy.engine.Engine - INFO - [cached since 833.8s ago] ('f5894b1a-1182-41b8-91e8-5ba9e9f663ee',)
2026-01-09 19:54:32,793 - sqlalchemy.engine.Engine - INFO - INSERT INTO todos (id, created_at, updated_at, title, description, completed, user_id) VALUES ($1::UUID, $2::TIMESTAMP WITHOUT TIME ZONE, $3::TIMESTAMP WITHOUT TIME ZONE, $4::VARCHAR, $5::VARCHAR, $6::BOOLEAN, $7::UUID)
2026-01-09 19:54:32,795 - sqlalchemy.engine.Engine - INFO - [cached since 572.9s ago] (UUID('60350698-cb41-441b-8066-db471944a454'), datetime.datetime(2026, 1, 9, 14, 54, 32, 792902), None, 'Task 1', 'First test task', False, UUID('f5894b1a-1182-41b8-91e8-5ba9e9f663ee'))
2026-01-09 19:54:32,946 - sqlalchemy.engine.Engine - INFO - COMMIT
2026-01-09 19:54:33,793 - sqlalchemy.engine.Engine - INFO - BEGIN (implicit)
2026-01-09 19:54:33,795 - sqlalchemy.engine.Engine - INFO - SELECT todos.id, todos.created_at, todos.updated_at, todos.title, todos.description, todos.completed, todos.user_id 
FROM todos 
WHERE todos.id = $1::UUID
2026-01-09 19:54:33,796 - sqlalchemy.engine.Engine - INFO - [cached since 572.1s ago] (UUID('60350698-cb41-441b-8066-db471944a454'),)
2026-01-09 19:54:34,187 - sqlalchemy.engine.Engine - INFO - ROLLBACK
2026-01-09 19:54:49,359 - sqlalchemy.engine.Engine - INFO - BEGIN (implicit)
2026-01-09 19:54:49,361 - sqlalchemy.engine.Engine - INFO - SELECT users.email, users.name, users.role, users.id, users.hashed_password, users.created_at, users.updated_at, users.is_verified, users.is_active 
FROM users 
WHERE users.id = $1::UUID
2026-01-09 19:54:49,362 - sqlalchemy.engine.Engine - INFO - [cached since 850.6s ago] ('f5894b1a-1182-41b8-91e8-5ba9e9f663ee',)
2026-01-09 19:54:49,586 - sqlalchemy.engine.Engine - INFO - INSERT INTO todos (id, created_at, updated_at, title, description, completed, user_id) VALUES ($1::UUID, $2::TIMESTAMP WITHOUT TIME ZONE, $3::TIMESTAMP WITHOUT TIME ZONE, $4::VARCHAR, $5::VARCHAR, $6::BOOLEAN, $7::UUID)
2026-01-09 19:54:49,587 - sqlalchemy.engine.Engine - INFO - [cached since 589.7s ago] (UUID('d06f911e-271f-4e61-9006-82588f6ef47a'), datetime.datetime(2026, 1, 9, 14, 54, 49, 585541), None, 'Task 2', 'Second test task', True, UUID('f5894b1a-1182-41b8-91e8-5ba9e9f663ee'))
2026-01-09 19:54:49,710 - sqlalchemy.engine.Engine - INFO - COMMIT
2026-01-09 19:54:50,262 - sqlalchemy.engine.Engine - INFO - BEGIN (implicit)
2026-01-09 19:54:50,263 - sqlalchemy.engine.Engine - INFO - SELECT todos.id, todos.created_at, todos.updated_at, todos.title, todos.description, todos.completed, todos.user_id 
FROM todos 
WHERE todos.id = $1::UUID
2026-01-09 19:54:50,263 - sqlalchemy.engine.Engine - INFO - [cached since 588.6s ago] (UUID('d06f911e-271f-4e61-9006-82588f6ef47a'),)
2026-01-09 19:54:50,498 - sqlalchemy.engine.Engine - INFO - ROLLBACK
2026-01-09 19:54:56,601 - sqlalchemy.engine.Engine - INFO - BEGIN (implicit)
2026-01-09 19:54:56,603 - sqlalchemy.engine.Engine - INFO - SELECT users.email, users.name, users.role, users.id, users.hashed_password, users.created_at, users.updated_at, users.is_verified, users.is_active 
FROM users 
WHERE users.id = $1::UUID
2026-01-09 19:54:56,606 - sqlalchemy.engine.Engine - INFO - [cached since 857.8s ago] ('f5894b1a-1182-41b8-91e8-5ba9e9f663ee',)
2026-01-09 19:54:56,846 - sqlalchemy.engine.Engine - INFO - SELECT todos.id, todos.created_at, todos.updated_at, todos.title, todos.description, todos.completed, todos.user_id 
FROM todos 
WHERE todos.user_id = $1::UUID AND todos.completed = true ORDER BY todos.created_at DESC 
 LIMIT $2::INTEGER OFFSET $3::INTEGER
2026-01-09 19:54:56,847 - sqlalchemy.engine.Engine - INFO - [generated in 0.00095s] (UUID('f5894b1a-1182-41b8-91e8-5ba9e9f663ee'), 100, 0)
2026-01-09 19:54:57,381 - sqlalchemy.engine.Engine - INFO - ROLLBACK
2026-01-09 19:55:08,827 - sqlalchemy.engine.Engine - INFO - BEGIN (implicit)
2026-01-09 19:55:08,828 - sqlalchemy.engine.Engine - INFO - SELECT users.email, users.name, users.role, users.id, users.hashed_password, users.created_at, users.updated_at, users.is_verified, users.is_active 
FROM users 
WHERE users.id = $1::UUID
2026-01-09 19:55:08,829 - sqlalchemy.engine.Engine - INFO - [cached since 865.3s ago] ('f5894b1a-1182-41b8-91e8-5ba9e9f663ee',)
2026-01-09 19:55:10,379 - sqlalchemy.engine.Engine - INFO - SELECT todos.id, todos.created_at, todos.updated_at, todos.title, todos.description, todos.completed, todos.user_id 
FROM todos 
WHERE todos.user_id = $1::UUID AND todos.completed = false ORDER BY todos.created_at DESC 
 LIMIT $2::INTEGER OFFSET $3::INTEGER
2026-01-09 19:55:10,381 - sqlalchemy.engine.Engine - INFO - [generated in 0.00171s] (UUID('f5894b1a-1182-41b8-91e8-5ba9e9f663ee'), 100, 0)
2026-01-09 19:55:10,698 - sqlalchemy.engine.Engine - INFO - ROLLBACK
2026-01-09 19:55:17,503 - sqlalchemy.engine.Engine - INFO - BEGIN (implicit)
2026-01-09 19:55:17,505 - sqlalchemy.engine.Engine - INFO - SELECT users.email, users.name, users.role, users.id, users.hashed_password, users.created_at, users.updated_at, users.is_verified, users.is_active 
FROM users 
WHERE users.id = $1::UUID
2026-01-09 19:55:17,506 - sqlalchemy.engine.Engine - INFO - [cached since 874s ago] ('f5894b1a-1182-41b8-91e8-5ba9e9f663ee',)
2026-01-09 19:55:19,153 - sqlalchemy.engine.Engine - INFO - SELECT todos.id, todos.created_at, todos.updated_at, todos.title, todos.description, todos.completed, todos.user_id 
FROM todos 
WHERE todos.user_id = $1::UUID ORDER BY todos.created_at DESC 
 LIMIT $2::INTEGER OFFSET $3::INTEGER
2026-01-09 19:55:19,154 - sqlalchemy.engine.Engine - INFO - [cached since 625.5s ago] (UUID('f5894b1a-1182-41b8-91e8-5ba9e9f663ee'), 100, 0)
2026-01-09 19:55:19,529 - sqlalchemy.engine.Engine - INFO - ROLLBACK
2026-01-09 19:55:59,288 - main - INFO - Shutting down TaskDo API...
